{"val": [[0.553639846743295, 0.5459770114942529, 0.578544061302682, 0.5963566634707574, 0.5656759348034516], [0.5565134099616859, 0.5756704980842912, 0.5708812260536399, 0.5925215723873442, 0.5627996164908916], [0.5603448275862069, 0.5804597701149425, 0.5957854406130269, 0.6021093000958773, 0.585810162991371], [0.5814176245210728, 0.5881226053639846, 0.5881226053639846, 0.6049856184084372, 0.588686481303931], [0.5909961685823755, 0.5977011494252874, 0.5862068965517241, 0.6059443911792906, 0.5896452540747843], [0.5919540229885057, 0.592911877394636, 0.5890804597701149, 0.6078619367209971, 0.5877277085330777], [0.5900383141762452, 0.6024904214559387, 0.5919540229885057, 0.6078619367209971, 0.5925215723873442], [0.5804597701149425, 0.5986590038314177, 0.5919540229885057, 0.6116970278044104, 0.6011505273250239], [0.592911877394636, 0.6044061302681992, 0.5986590038314177, 0.613614573346117, 0.5944391179290508], [0.5909961685823755, 0.60727969348659, 0.6063218390804598, 0.6126558005752637, 0.5953978906999041]], "train": [[0.6522781774580336, 0.6498800959232613, 0.6498800959232613, 0.6498800959232613, 0.6498800959232613], [0.6067146282973621, 0.6139088729016786, 0.6139088729016786, 0.6139088729016786, 0.6139088729016786], [0.6277955271565495, 0.615814696485623, 0.610223642172524, 0.610223642172524, 0.610223642172524], [0.6393049730377471, 0.6261234272019173, 0.6069502696225285, 0.6069502696225285, 0.6069502696225285], [0.6195495927168184, 0.6176329659798754, 0.6123622424532822, 0.6099664590321034, 0.6099664590321034], [0.625, 0.6154153354632588, 0.6086261980830671, 0.6130191693290735, 0.6130191693290735], [0.6158849709003766, 0.6124614857925368, 0.609038000684697, 0.6121191372817528, 0.6121191372817528], [0.6151542377957472, 0.6091644204851752, 0.607067984426475, 0.6073674752920036, 0.6106618748128182], [0.6110223642172524, 0.6067625133120341, 0.6062300319488818, 0.6123535676251332, 0.6107561235356762], [0.6137997125059894, 0.6058936272160996, 0.6073310972688069, 0.612841399137518, 0.6097268806899856]]}