{"val": [[0.6053639846743295, 0.6063218390804598, 0.6159003831417624, 0.6184084372003835, 0.6116970278044104], [0.6063218390804598, 0.6063218390804598, 0.6082375478927203, 0.613614573346117, 0.6116970278044104], [0.6120689655172413, 0.5996168582375478, 0.6120689655172413, 0.6184084372003835, 0.6116970278044104], [0.6139846743295019, 0.603448275862069, 0.6063218390804598, 0.6059443911792906, 0.6059443911792906], [0.6139846743295019, 0.6053639846743295, 0.6101532567049809, 0.6203259827420902, 0.6030680728667306], [0.6187739463601533, 0.603448275862069, 0.6101532567049809, 0.6251198465963567, 0.6069031639501438], [0.6216475095785441, 0.6139846743295019, 0.6044061302681992, 0.62320230105465, 0.6078619367209971], [0.6197318007662835, 0.6111111111111112, 0.6024904214559387, 0.6174496644295302, 0.6097794822627037], [0.617816091954023, 0.6139846743295019, 0.6044061302681992, 0.6164908916586769, 0.6049856184084372], [0.6197318007662835, 0.6159003831417624, 0.6044061302681992, 0.6203259827420902, 0.610738255033557]], "train": [[0.657074340527578, 0.657074340527578, 0.657074340527578, 0.657074340527578, 0.657074340527578], [0.6510791366906474, 0.6306954436450839, 0.6306954436450839, 0.6306954436450839, 0.6306954436450839], [0.6309904153354633, 0.6389776357827476, 0.6269968051118211, 0.6269968051118211, 0.6269968051118211], [0.6201318154583583, 0.6261234272019173, 0.6243259436788496, 0.6243259436788496, 0.6243259436788496], [0.6094873023478677, 0.616674652611404, 0.6147580258744609, 0.6233828461907044, 0.6233828461907044], [0.6086261980830671, 0.6142172523961661, 0.6114217252396166, 0.6182108626198083, 0.6182108626198083], [0.6066415611092092, 0.6107497432386169, 0.6124614857925368, 0.6158849709003766, 0.6158849709003766], [0.6094639113507038, 0.613057801737047, 0.6148547469302186, 0.6082659478885895, 0.6109613656783468], [0.6123535676251332, 0.6134185303514377, 0.6147497337593184, 0.6134185303514377, 0.615814696485623], [0.6142788691902252, 0.6121226641111643, 0.6161954959271682, 0.6145184475323431, 0.6154767609008146]]}