{"val": [[0.6383219954648526, 0.6462585034013606, 0.637911464245176, 0.64472190692395, 0.6515323496027242], [0.6428571428571429, 0.6394557823129252, 0.6526674233825198, 0.6469920544835415, 0.6617480136208853], [0.6507936507936508, 0.6462585034013606, 0.6549375709421112, 0.6640181611804767, 0.6606129398410897], [0.645124716553288, 0.6507936507936508, 0.6549375709421112, 0.6719636776390465, 0.6685584562996595], [0.6473922902494331, 0.6609977324263039, 0.6572077185017026, 0.6674233825198638, 0.6765039727582293], [0.6507936507936508, 0.6666666666666666, 0.6606129398410897, 0.6685584562996595, 0.6821793416572077], [0.6587301587301587, 0.6621315192743764, 0.6719636776390465, 0.6730987514188422, 0.6935300794551645], [0.6519274376417233, 0.671201814058957, 0.6787741203178207, 0.6855845629965948, 0.695800227014756], [0.6564625850340136, 0.6666666666666666, 0.6787741203178207, 0.6878547105561862, 0.6946651532349603], [0.6678004535147393, 0.6746031746031746, 0.6730987514188422, 0.6912599318955732, 0.6946651532349603]], "train": [[1.0, 1.0, 1.0, 1.0, 1.0], [1.0, 1.0, 1.0, 1.0, 1.0], [1.0, 1.0, 1.0, 1.0, 1.0], [1.0, 1.0, 1.0, 1.0, 1.0], [1.0, 1.0, 1.0, 1.0, 1.0], [1.0, 1.0, 1.0, 1.0, 1.0], [1.0, 1.0, 1.0, 1.0, 1.0], [1.0, 1.0, 1.0, 1.0, 1.0], [1.0, 1.0, 1.0, 1.0, 1.0], [1.0, 1.0, 1.0, 1.0, 1.0]]}