{"val": [[0.6053639846743295, 0.6063218390804598, 0.6063218390804598, 0.6059443911792906, 0.6059443911792906], [0.6053639846743295, 0.6063218390804598, 0.6063218390804598, 0.6059443911792906, 0.6059443911792906], [0.6130268199233716, 0.6101532567049809, 0.6063218390804598, 0.6069031639501438, 0.6049856184084372], [0.6101532567049809, 0.6063218390804598, 0.6044061302681992, 0.6088207094918504, 0.6069031639501438], [0.6120689655172413, 0.6111111111111112, 0.6120689655172413, 0.6126558005752637, 0.6021093000958773], [0.6091954022988506, 0.6044061302681992, 0.603448275862069, 0.6145733461169702, 0.6040268456375839], [0.6159003831417624, 0.6053639846743295, 0.6063218390804598, 0.6155321188878236, 0.6097794822627037], [0.6120689655172413, 0.6139846743295019, 0.6044061302681992, 0.6155321188878236, 0.6030680728667306], [0.6101532567049809, 0.6216475095785441, 0.6111111111111112, 0.613614573346117, 0.6049856184084372], [0.6226053639846744, 0.6216475095785441, 0.6044061302681992, 0.6203259827420902, 0.6088207094918504]], "train": [[1.0, 1.0, 1.0, 1.0, 1.0], [1.0, 1.0, 1.0, 1.0, 1.0], [1.0, 1.0, 1.0, 1.0, 1.0], [1.0, 1.0, 1.0, 1.0, 1.0], [1.0, 1.0, 1.0, 1.0, 1.0], [1.0, 1.0, 1.0, 1.0, 1.0], [1.0, 1.0, 1.0, 1.0, 1.0], [1.0, 1.0, 1.0, 1.0, 1.0], [1.0, 1.0, 1.0, 1.0, 1.0], [1.0, 1.0, 1.0, 1.0, 1.0]]}