{"val": [[0.5909961685823755, 0.6101532567049809, 0.6063218390804598, 0.6059443911792906, 0.6001917545541706], [0.60727969348659, 0.5909961685823755, 0.6130268199233716, 0.6174496644295302, 0.610738255033557], [0.617816091954023, 0.6245210727969349, 0.6101532567049809, 0.6212847555129435, 0.62607861936721], [0.6168582375478927, 0.5919540229885057, 0.6187739463601533, 0.6145733461169702, 0.6049856184084372], [0.6063218390804598, 0.6120689655172413, 0.6044061302681992, 0.6270373921380633, 0.6030680728667306], [0.6005747126436781, 0.60727969348659, 0.6245210727969349, 0.6318312559923298, 0.62320230105465], [0.6024904214559387, 0.6235632183908046, 0.6159003831417624, 0.62607861936721, 0.62320230105465], [0.60727969348659, 0.6111111111111112, 0.6091954022988506, 0.6222435282837967, 0.6212847555129435], [0.60727969348659, 0.6273946360153256, 0.6197318007662835, 0.6347075743048898, 0.6030680728667306], [0.6149425287356322, 0.632183908045977, 0.6360153256704981, 0.638542665388303, 0.6116970278044104]], "train": [[1.0, 1.0, 1.0, 1.0, 1.0], [0.9964028776978417, 0.9964028776978417, 0.9964028776978417, 0.9964028776978417, 0.9964028776978417], [0.9968051118210862, 0.9912140575079872, 0.9904153354632588, 0.9904153354632588, 0.9904153354632588], [0.9910125823846615, 0.9808268424206111, 0.9808268424206111, 0.9808268424206111, 0.9808268424206111], [0.9808337326305702, 0.9760421657882128, 0.9837086727359846, 0.9798754192620988, 0.9798754192620988], [0.9676517571884984, 0.9608626198083067, 0.9792332268370607, 0.9772364217252396, 0.9772364217252396], [0.969188634029442, 0.9554946935980828, 0.9671345429647381, 0.9657651489216021, 0.9657651489216021], [0.954177897574124, 0.9460916442048517, 0.958670260557053, 0.954177897574124, 0.9595687331536388], [0.9440894568690096, 0.9379659211927582, 0.9419595314164004, 0.9459531416400426, 0.9422257720979765], [0.9463344513655966, 0.9403449928126497, 0.9415428845232391, 0.9427407762338285, 0.9357930043124102]]}