{"val": [[0.5667532467532468, 0.5927272727272728, 0.5766233766233766, 0.6031168831168832, 0.6015584415584415], [0.5901298701298702, 0.6062337662337662, 0.6036363636363636, 0.6155844155844156, 0.6103896103896104], [0.5875324675324676, 0.6051948051948052, 0.6161038961038962, 0.6145454545454545, 0.6244155844155844], [0.5937662337662337, 0.6150649350649351, 0.6166233766233766, 0.6176623376623377, 0.6296103896103896], [0.5968831168831169, 0.6244155844155844, 0.6150649350649351, 0.6207792207792208, 0.627012987012987], [0.5968831168831169, 0.623896103896104, 0.6161038961038962, 0.6207792207792208, 0.6212987012987014], [0.5994805194805195, 0.6197402597402597, 0.6212987012987014, 0.6197402597402597, 0.6233766233766234], [0.5968831168831169, 0.6202597402597403, 0.6187012987012988, 0.6233766233766234, 0.6285714285714286], [0.5963636363636363, 0.6244155844155844, 0.6166233766233766, 0.6275324675324675, 0.6280519480519481], [0.597922077922078, 0.6327272727272727, 0.6176623376623377, 0.6244155844155844, 0.6275324675324675]], "train": [[0.6324675324675325, 0.6142857142857143, 0.6142857142857143, 0.6142857142857143, 0.6142857142857143], [0.6396103896103896, 0.6097402597402597, 0.6097402597402597, 0.6097402597402597, 0.6097402597402597], [0.6363636363636364, 0.6138528138528139, 0.6060606060606061, 0.6060606060606061, 0.6060606060606061], [0.6301948051948052, 0.6094155844155844, 0.6168831168831169, 0.6168831168831169, 0.6168831168831169], [0.6314285714285715, 0.6155844155844156, 0.6158441558441559, 0.6197402597402597, 0.6197402597402597], [0.6311688311688312, 0.6127705627705627, 0.6186147186147186, 0.6196969696969697, 0.6196969696969697], [0.6300556586270872, 0.6161410018552875, 0.6205936920222634, 0.6202226345083488, 0.6202226345083488], [0.6308441558441559, 0.6198051948051948, 0.6211038961038962, 0.6211038961038962, 0.6181818181818182], [0.6295815295815296, 0.6204906204906205, 0.6206349206349207, 0.6225108225108225, 0.6223665223665223], [0.6294805194805195, 0.6214285714285714, 0.6224675324675325, 0.6266233766233766, 0.6219480519480519]]}