{"val": [[0.6015325670498084, 0.6149425287356322, 0.6120689655172413, 0.6126558005752637, 0.6251198465963567], [0.6024904214559387, 0.6120689655172413, 0.6159003831417624, 0.610738255033557, 0.6174496644295302], [0.603448275862069, 0.6226053639846744, 0.6340996168582376, 0.6193672099712368, 0.6241610738255033], [0.6120689655172413, 0.6379310344827587, 0.6293103448275862, 0.6174496644295302, 0.6270373921380633], [0.6264367816091954, 0.646551724137931, 0.6350574712643678, 0.6203259827420902, 0.6279961649089166], [0.6350574712643678, 0.6417624521072797, 0.6436781609195402, 0.6308724832214765, 0.6308724832214765], [0.6331417624521073, 0.6408045977011494, 0.6408045977011494, 0.6289549376797698, 0.6308724832214765], [0.6302681992337165, 0.64272030651341, 0.6388888888888888, 0.6270373921380633, 0.6299137104506232], [0.6331417624521073, 0.6446360153256705, 0.6417624521072797, 0.6318312559923298, 0.6299137104506232], [0.6331417624521073, 0.6436781609195402, 0.6503831417624522, 0.6337488015340365, 0.6375838926174496]], "train": [[0.6810551558752997, 0.6546762589928058, 0.6546762589928058, 0.6546762589928058, 0.6546762589928058], [0.670263788968825, 0.6498800959232613, 0.6498800959232613, 0.6498800959232613, 0.6498800959232613], [0.6573482428115016, 0.65814696485623, 0.646964856230032, 0.646964856230032, 0.646964856230032], [0.6698621929298981, 0.6560814859197124, 0.6446974236069503, 0.6446974236069503, 0.6446974236069503], [0.6506947771921419, 0.6487781504551988, 0.6463823670340201, 0.650215620507906, 0.650215620507906], [0.6445686900958466, 0.6409744408945687, 0.6445686900958466, 0.6485623003194888, 0.6485623003194888], [0.641218760698391, 0.6442998972954468, 0.6371105785689832, 0.6501198219787744, 0.6501198219787744], [0.6445043426175502, 0.6397124887690926, 0.6418089248277927, 0.6442048517520216, 0.6445043426175502], [0.646964856230032, 0.6458998935037273, 0.6437699680511182, 0.6504259850905219, 0.6472310969116081], [0.6454240536655487, 0.6435074269286056, 0.6413512218495449, 0.6461427886919022, 0.6415908001916627]]}