{"val": [[0.6581818181818182, 0.6555844155844156, 0.6638961038961039, 0.6618181818181819, 0.6711688311688312], [0.6742857142857143, 0.6649350649350649, 0.6628571428571428, 0.6690909090909091, 0.6722077922077923], [0.6758441558441558, 0.6690909090909091, 0.6607792207792208, 0.678961038961039, 0.6805194805194805], [0.6670129870129871, 0.665974025974026, 0.6576623376623376, 0.6763636363636364, 0.6722077922077923], [0.6701298701298701, 0.6758441558441558, 0.6612987012987013, 0.6727272727272727, 0.6825974025974026], [0.6784415584415584, 0.6763636363636364, 0.6607792207792208, 0.6696103896103897, 0.6779220779220779], [0.6784415584415584, 0.6779220779220779, 0.6664935064935065, 0.6706493506493506, 0.6805194805194805], [0.678961038961039, 0.6820779220779221, 0.665974025974026, 0.6701298701298701, 0.6815584415584416], [0.6825974025974026, 0.68, 0.6675324675324675, 0.6690909090909091, 0.6820779220779221], [0.6825974025974026, 0.6753246753246753, 0.6690909090909091, 0.6685714285714286, 0.6825974025974026]], "train": [[0.6948051948051948, 0.6909090909090909, 0.6909090909090909, 0.6909090909090909, 0.6909090909090909], [0.6902597402597402, 0.6954545454545454, 0.6954545454545454, 0.6954545454545454, 0.6954545454545454], [0.6831168831168831, 0.6891774891774892, 0.6930735930735931, 0.6930735930735931, 0.6930735930735931], [0.6814935064935065, 0.6785714285714286, 0.6863636363636364, 0.6863636363636364, 0.6863636363636364], [0.6841558441558442, 0.6779220779220779, 0.684935064935065, 0.6851948051948052, 0.6851948051948052], [0.6807359307359307, 0.6774891774891775, 0.6826839826839827, 0.6807359307359307, 0.6807359307359307], [0.6801484230055659, 0.6784786641929499, 0.6803339517625232, 0.6784786641929499, 0.6784786641929499], [0.6814935064935065, 0.6805194805194805, 0.6837662337662338, 0.6810064935064936, 0.6772727272727272], [0.6796536796536796, 0.6800865800865801, 0.6813852813852814, 0.6795093795093795, 0.6772005772005772], [0.6767532467532468, 0.6784415584415584, 0.6801298701298701, 0.6796103896103897, 0.68]]}