{"val": [[0.5589569160997733, 0.5941043083900227, 0.6106696935300795, 0.6163450624290578, 0.5981838819523269], [0.5873015873015873, 0.5884353741496599, 0.5947786606129398, 0.623155505107832, 0.5993189557321226], [0.5668934240362812, 0.5736961451247166, 0.6061293984108967, 0.641316685584563, 0.6038592508513053], [0.608843537414966, 0.5941043083900227, 0.6345062429057888, 0.6254256526674233, 0.619750283768445], [0.6020408163265306, 0.6133786848072562, 0.6288308740068105, 0.641316685584563, 0.6152099886492622], [0.6031746031746031, 0.6179138321995464, 0.6276958002270148, 0.637911464245176, 0.6254256526674233], [0.5997732426303855, 0.6179138321995464, 0.6254256526674233, 0.6469920544835415, 0.623155505107832], [0.6156462585034014, 0.6111111111111112, 0.6208853575482406, 0.6481271282633371, 0.637911464245176], [0.5975056689342404, 0.6031746031746031, 0.6174801362088536, 0.656072644721907, 0.6390465380249716], [0.6156462585034014, 0.6145124716553289, 0.6129398410896708, 0.6458569807037458, 0.6424517593643587]], "train": [[0.7329545454545454, 0.6590909090909091, 0.6590909090909091, 0.6590909090909091, 0.6590909090909091], [0.6609929078014184, 0.6382978723404256, 0.6382978723404256, 0.6382978723404256, 0.6382978723404256], [0.6291390728476821, 0.6433301797540208, 0.6404919583727531, 0.6404919583727531, 0.6404919583727531], [0.6382978723404256, 0.6397163120567376, 0.6368794326241135, 0.6368794326241135, 0.6368794326241135], [0.6430192962542566, 0.6424517593643587, 0.6311010215664018, 0.6299659477866061, 0.6299659477866061], [0.6373522458628842, 0.6439716312056738, 0.6439716312056738, 0.6354609929078014, 0.6354609929078014], [0.6400486420753952, 0.6428860964734495, 0.6461289014997973, 0.6339683826509931, 0.6339683826509931], [0.6460992907801418, 0.6457446808510638, 0.6358156028368794, 0.6432624113475177, 0.6418439716312057], [0.6421815889029003, 0.648171500630517, 0.639344262295082, 0.6339848675914249, 0.6421815889029003], [0.64822695035461, 0.6368794326241135, 0.6417021276595745, 0.6343262411347518, 0.6363120567375886]]}