{"val": [[0.528344671201814, 0.63718820861678, 0.637911464245176, 0.6367763904653803, 0.6367763904653803], [0.6360544217687075, 0.36281179138321995, 0.36322360953461974, 0.36322360953461974, 0.36322360953461974], [0.37755102040816324, 0.37528344671201813, 0.37343927355278095, 0.37230419977298523, 0.3677639046538025], [0.63718820861678, 0.6235827664399093, 0.3995459704880817, 0.41543700340522133, 0.3995459704880817], [0.6383219954648526, 0.6315192743764172, 0.6072644721906924, 0.6345062429057888, 0.6356413166855845], [0.6462585034013606, 0.6190476190476191, 0.6186152099886493, 0.6299659477866061, 0.6345062429057888], [0.6485260770975056, 0.6201814058956916, 0.6174801362088536, 0.6299659477866061, 0.6367763904653803], [0.6496598639455783, 0.6213151927437641, 0.6299659477866061, 0.626560726447219, 0.6345062429057888], [0.6462585034013606, 0.6303854875283447, 0.619750283768445, 0.5062429057888763, 0.6356413166855845], [0.6360544217687075, 0.6258503401360545, 0.6356413166855845, 0.6367763904653803, 0.6390465380249716]], "train": [[0.6875, 0.6534090909090909, 0.6534090909090909, 0.6534090909090909, 0.6534090909090909], [0.6581560283687943, 0.3645390070921986, 0.3645390070921986, 0.3645390070921986, 0.3645390070921986], [0.37559129612109743, 0.3784295175023652, 0.36896877956480606, 0.36896877956480606, 0.36896877956480606], [0.6460992907801418, 0.64822695035461, 0.4106382978723404, 0.4106382978723404, 0.4106382978723404], [0.6509648127128264, 0.6486946651532349, 0.6498297389330306, 0.6503972758229285, 0.6503972758229285], [0.6397163120567376, 0.6491725768321513, 0.6477541371158393, 0.6510638297872341, 0.6510638297872341], [0.6445074989866234, 0.6578840697203081, 0.651803810295906, 0.6493717065261451, 0.6493717065261451], [0.6468085106382979, 0.6457446808510638, 0.648936170212766, 0.6475177304964539, 0.6432624113475177], [0.6459646910466582, 0.644703656998739, 0.6494325346784363, 0.4921185372005044, 0.6453341740226987], [0.6485106382978724, 0.6470921985815603, 0.6470921985815603, 0.6473758865248227, 0.6445390070921986]]}