{"val": [[0.5563636363636364, 0.5657142857142857, 0.5470129870129871, 0.5797402597402598, 0.5714285714285714], [0.5709090909090909, 0.5698701298701299, 0.5490909090909091, 0.5781818181818181, 0.5812987012987013], [0.5667532467532468, 0.5823376623376624, 0.5724675324675325, 0.5755844155844155, 0.588051948051948], [0.5709090909090909, 0.587012987012987, 0.5896103896103896, 0.5937662337662337, 0.5984415584415584], [0.5662337662337662, 0.5890909090909091, 0.588051948051948, 0.597922077922078, 0.6057142857142858], [0.5714285714285714, 0.5942857142857143, 0.5761038961038961, 0.6103896103896104, 0.6093506493506493], [0.5766233766233766, 0.5989610389610389, 0.5812987012987013, 0.610909090909091, 0.6062337662337662], [0.5781818181818181, 0.5896103896103896, 0.5833766233766233, 0.6077922077922078, 0.6020779220779221], [0.5812987012987013, 0.5974025974025974, 0.5797402597402598, 0.6197402597402597, 0.6161038961038962], [0.5781818181818181, 0.6005194805194806, 0.588051948051948, 0.6187012987012988, 0.6181818181818182]], "train": [[1.0, 1.0, 1.0, 1.0, 1.0], [1.0, 1.0, 1.0, 1.0, 1.0], [1.0, 1.0, 1.0, 1.0, 1.0], [1.0, 1.0, 1.0, 1.0, 1.0], [1.0, 1.0, 1.0, 1.0, 1.0], [1.0, 1.0, 1.0, 1.0, 1.0], [1.0, 1.0, 1.0, 1.0, 1.0], [1.0, 1.0, 1.0, 1.0, 1.0], [1.0, 1.0, 1.0, 1.0, 1.0], [1.0, 1.0, 1.0, 1.0, 1.0]]}