{"val": [[0.5708812260536399, 0.6015325670498084, 0.5967432950191571, 0.6078619367209971, 0.6078619367209971], [0.603448275862069, 0.6044061302681992, 0.5919540229885057, 0.6347075743048898, 0.5992329817833174], [0.5948275862068966, 0.5977011494252874, 0.5996168582375478, 0.6289549376797698, 0.6069031639501438], [0.6044061302681992, 0.592911877394636, 0.60727969348659, 0.6155321188878236, 0.6155321188878236], [0.603448275862069, 0.5842911877394636, 0.6044061302681992, 0.6145733461169702, 0.613614573346117], [0.5957854406130269, 0.5977011494252874, 0.5919540229885057, 0.6212847555129435, 0.610738255033557], [0.5890804597701149, 0.6206896551724138, 0.5996168582375478, 0.6241610738255033, 0.6241610738255033], [0.6130268199233716, 0.6063218390804598, 0.6159003831417624, 0.6212847555129435, 0.613614573346117], [0.6111111111111112, 0.5967432950191571, 0.6024904214559387, 0.6088207094918504, 0.6059443911792906], [0.6197318007662835, 0.6130268199233716, 0.6044061302681992, 0.6327900287631831, 0.6289549376797698]], "train": [[0.9184652278177458, 0.8657074340527577, 0.8657074340527577, 0.8657074340527577, 0.8657074340527577], [0.8788968824940048, 0.842925659472422, 0.842925659472422, 0.842925659472422, 0.842925659472422], [0.8626198083067093, 0.8722044728434505, 0.8554313099041534, 0.8554313099041534, 0.8554313099041534], [0.8430197723187537, 0.8418214499700419, 0.8466147393648892, 0.8466147393648892, 0.8466147393648892], [0.827024436990896, 0.8217537134643028, 0.8303785337805463, 0.8313368471490177, 0.8313368471490177], [0.8190894568690096, 0.8027156549520766, 0.8134984025559105, 0.8190894568690096, 0.8190894568690096], [0.8113659705580281, 0.8079424854501883, 0.8161588497090038, 0.8093118794933242, 0.8093118794933242], [0.8080263551961665, 0.8041329739442947, 0.8071278825995807, 0.8104222821203954, 0.7993411200958371], [0.8000532481363152, 0.7952609158679447, 0.7992545260915868, 0.7936634717784877, 0.7933972310969116], [0.795160517489219, 0.793243890752276, 0.7886919022520364, 0.7925251557259224, 0.7985146142788692]]}