{"val": [[0.6296103896103896, 0.627012987012987, 0.6249350649350649, 0.6103896103896104, 0.6374025974025974], [0.6353246753246753, 0.6425974025974026, 0.6290909090909091, 0.6477922077922078, 0.6441558441558441], [0.6436363636363637, 0.6540259740259741, 0.6425974025974026, 0.6498701298701298, 0.6638961038961039], [0.6436363636363637, 0.6607792207792208, 0.6472727272727272, 0.6711688311688312, 0.665974025974026], [0.6488311688311689, 0.6483116883116883, 0.6602597402597402, 0.6742857142857143, 0.6696103896103897], [0.6675324675324675, 0.6607792207792208, 0.6540259740259741, 0.6758441558441558, 0.665974025974026], [0.6581818181818182, 0.6711688311688312, 0.6545454545454545, 0.6748051948051949, 0.6779220779220779], [0.6737662337662338, 0.6685714285714286, 0.6607792207792208, 0.6742857142857143, 0.6758441558441558], [0.6670129870129871, 0.6685714285714286, 0.6628571428571428, 0.6753246753246753, 0.6825974025974026], [0.6758441558441558, 0.6831168831168831, 0.6696103896103897, 0.6794805194805195, 0.6898701298701299]], "train": [[1.0, 1.0, 1.0, 1.0, 1.0], [1.0, 1.0, 1.0, 1.0, 1.0], [0.9982683982683983, 1.0, 0.9995670995670995, 0.9995670995670995, 0.9995670995670995], [0.9902597402597403, 0.9892857142857143, 0.9935064935064936, 0.9935064935064936, 0.9935064935064936], [0.9833766233766233, 0.9828571428571429, 0.981038961038961, 0.9807792207792208, 0.9807792207792208], [0.9653679653679653, 0.9608225108225108, 0.9653679653679653, 0.9640692640692641, 0.9640692640692641], [0.9575139146567718, 0.9500927643784787, 0.9547309833024119, 0.9543599257884973, 0.9543599257884973], [0.9340909090909091, 0.9323051948051948, 0.9318181818181818, 0.9418831168831169, 0.9417207792207792], [0.9321789321789322, 0.9225108225108225, 0.9288600288600288, 0.9275613275613276, 0.9230880230880231], [0.9177922077922078, 0.9149350649350649, 0.9167532467532468, 0.9236363636363636, 0.9162337662337663]]}