{"val": [[0.5703896103896103, 0.6020779220779221, 0.5890909090909091, 0.5901298701298702, 0.6005194805194806], [0.5968831168831169, 0.601038961038961, 0.5989610389610389, 0.6098701298701299, 0.5984415584415584], [0.5911688311688311, 0.6171428571428571, 0.6135064935064936, 0.6181818181818182, 0.6155844155844156], [0.6, 0.6155844155844156, 0.6166233766233766, 0.6046753246753247, 0.614025974025974], [0.597922077922078, 0.6181818181818182, 0.6135064935064936, 0.6124675324675325, 0.6187012987012988], [0.597922077922078, 0.625974025974026, 0.6155844155844156, 0.6103896103896104, 0.6218181818181818], [0.6, 0.6290909090909091, 0.610909090909091, 0.6135064935064936, 0.6207792207792208], [0.6020779220779221, 0.6223376623376623, 0.6083116883116884, 0.6176623376623377, 0.6228571428571429], [0.5994805194805195, 0.6275324675324675, 0.6062337662337662, 0.6197402597402597, 0.6280519480519481], [0.6020779220779221, 0.6348051948051948, 0.6103896103896104, 0.6207792207792208, 0.625974025974026]], "train": [[0.6896103896103896, 0.6285714285714286, 0.6285714285714286, 0.6285714285714286, 0.6285714285714286], [0.6577922077922078, 0.6279220779220779, 0.6279220779220779, 0.6279220779220779, 0.6279220779220779], [0.6441558441558441, 0.6311688311688312, 0.6268398268398269, 0.6268398268398269, 0.6268398268398269], [0.6366883116883116, 0.625, 0.6282467532467533, 0.6282467532467533, 0.6282467532467533], [0.634025974025974, 0.6215584415584415, 0.6327272727272727, 0.6319480519480519, 0.6319480519480519], [0.6333333333333333, 0.6201298701298701, 0.6283549783549783, 0.6329004329004329, 0.6329004329004329], [0.6332096474953618, 0.6205936920222634, 0.6250463821892394, 0.6246753246753247, 0.6246753246753247], [0.635551948051948, 0.623538961038961, 0.6280844155844156, 0.6272727272727273, 0.625974025974026], [0.6339105339105339, 0.6238095238095238, 0.63001443001443, 0.6262626262626263, 0.6225108225108225], [0.6322077922077922, 0.623896103896104, 0.6264935064935065, 0.6292207792207792, 0.6254545454545455]]}