{"val": [[0.5909961685823755, 0.60727969348659, 0.6130268199233716, 0.5944391179290508, 0.6059443911792906], [0.617816091954023, 0.60727969348659, 0.6168582375478927, 0.6116970278044104, 0.5982742090124641], [0.6120689655172413, 0.617816091954023, 0.6101532567049809, 0.6212847555129435, 0.6040268456375839], [0.6197318007662835, 0.6120689655172413, 0.632183908045977, 0.6203259827420902, 0.6279961649089166], [0.6101532567049809, 0.6149425287356322, 0.603448275862069, 0.6251198465963567, 0.6270373921380633], [0.6216475095785441, 0.6168582375478927, 0.6101532567049809, 0.6270373921380633, 0.6318312559923298], [0.6111111111111112, 0.6168582375478927, 0.6139846743295019, 0.6404602109300096, 0.6337488015340365], [0.6216475095785441, 0.6149425287356322, 0.6293103448275862, 0.6500479386385427, 0.6279961649089166], [0.6245210727969349, 0.64272030651341, 0.6408045977011494, 0.6347075743048898, 0.638542665388303], [0.646551724137931, 0.6503831417624522, 0.6350574712643678, 0.6490891658676894, 0.6404602109300096]], "train": [[1.0, 1.0, 1.0, 1.0, 1.0], [1.0, 1.0, 1.0, 1.0, 1.0], [1.0, 1.0, 1.0, 1.0, 1.0], [1.0, 1.0, 1.0, 1.0, 1.0], [1.0, 1.0, 1.0, 1.0, 1.0], [1.0, 1.0, 1.0, 1.0, 1.0], [1.0, 1.0, 1.0, 1.0, 1.0], [1.0, 1.0, 1.0, 1.0, 1.0], [1.0, 1.0, 1.0, 1.0, 1.0], [1.0, 1.0, 1.0, 1.0, 1.0]]}