{"val": [[0.38285714285714284, 0.3781818181818182, 0.3838961038961039, 0.37506493506493505, 0.39324675324675323], [0.3942857142857143, 0.37922077922077924, 0.3953246753246753, 0.4051948051948052, 0.40415584415584416], [0.4031168831168831, 0.3605194805194805, 0.40415584415584416, 0.414025974025974, 0.414025974025974], [0.38857142857142857, 0.36883116883116884, 0.4098701298701299, 0.41194805194805195, 0.42857142857142855], [0.39376623376623376, 0.38337662337662337, 0.427012987012987, 0.43792207792207793, 0.43584415584415587], [0.3901298701298701, 0.3974025974025974, 0.40935064935064935, 0.43064935064935067, 0.4161038961038961], [0.40103896103896103, 0.4072727272727273, 0.4166233766233766, 0.42857142857142855, 0.4218181818181818], [0.40103896103896103, 0.39324675324675323, 0.41974025974025975, 0.4264935064935065, 0.44623376623376626], [0.4098701298701299, 0.3901298701298701, 0.4088311688311688, 0.4264935064935065, 0.44363636363636366], [0.4036363636363636, 0.4051948051948052, 0.4176623376623377, 0.43844155844155847, 0.44623376623376626]], "train": [[0.9064935064935065, 0.8649350649350649, 0.8649350649350649, 0.8649350649350649, 0.8649350649350649], [0.8487012987012987, 0.8181818181818182, 0.8181818181818182, 0.8181818181818182, 0.8181818181818182], [0.8194805194805195, 0.8012987012987013, 0.8138528138528138, 0.8138528138528138, 0.8138528138528138], [0.7779220779220779, 0.7775974025974026, 0.8, 0.8, 0.8], [0.7584415584415585, 0.7667532467532467, 0.7916883116883117, 0.7885714285714286, 0.7885714285714286], [0.7432900432900433, 0.7480519480519481, 0.7690476190476191, 0.7690476190476191, 0.7690476190476191], [0.7241187384044527, 0.7428571428571429, 0.753061224489796, 0.7439703153988868, 0.7439703153988868], [0.7215909090909091, 0.7331168831168832, 0.737012987012987, 0.7420454545454546, 0.7347402597402597], [0.7112554112554113, 0.7163059163059163, 0.7210678210678211, 0.7202020202020202, 0.7294372294372294], [0.6972727272727273, 0.7128571428571429, 0.7096103896103896, 0.71, 0.7154545454545455]]}