{"val": [[0.3942857142857143, 0.4046753246753247, 0.3974025974025974, 0.4103896103896104, 0.41714285714285715], [0.4, 0.4057142857142857, 0.39844155844155843, 0.4150649350649351, 0.4202597402597403], [0.4031168831168831, 0.4083116883116883, 0.4020779220779221, 0.4202597402597403, 0.42753246753246754], [0.4124675324675325, 0.4135064935064935, 0.4057142857142857, 0.42753246753246754, 0.43064935064935067], [0.4176623376623377, 0.4155844155844156, 0.41194805194805195, 0.4290909090909091, 0.43272727272727274], [0.414025974025974, 0.4161038961038961, 0.4150649350649351, 0.4290909090909091, 0.43116883116883115], [0.41974025974025975, 0.4212987012987013, 0.41714285714285715, 0.4296103896103896, 0.4368831168831169], [0.4187012987012987, 0.4155844155844156, 0.4103896103896104, 0.4316883116883117, 0.43376623376623374], [0.4187012987012987, 0.41714285714285715, 0.4155844155844156, 0.4290909090909091, 0.43376623376623374], [0.42077922077922075, 0.42597402597402595, 0.41974025974025975, 0.4342857142857143, 0.44311688311688313]], "train": [[1.0, 1.0, 1.0, 1.0, 1.0], [1.0, 1.0, 1.0, 1.0, 1.0], [1.0, 1.0, 1.0, 1.0, 1.0], [1.0, 1.0, 1.0, 1.0, 1.0], [1.0, 1.0, 1.0, 1.0, 1.0], [1.0, 1.0, 1.0, 1.0, 1.0], [1.0, 1.0, 1.0, 1.0, 1.0], [1.0, 1.0, 1.0, 1.0, 1.0], [1.0, 1.0, 1.0, 1.0, 1.0], [1.0, 1.0, 1.0, 1.0, 1.0]]}