{"val": [[0.5340259740259741, 0.5511688311688312, 0.545974025974026, 0.5714285714285714, 0.5568831168831169], [0.5605194805194805, 0.5615584415584416, 0.548051948051948, 0.5584415584415584, 0.5714285714285714], [0.5724675324675325, 0.5303896103896104, 0.6031168831168832, 0.5911688311688311, 0.6192207792207792], [0.5844155844155844, 0.610909090909091, 0.6046753246753247, 0.6083116883116884, 0.6171428571428571], [0.5838961038961039, 0.6072727272727273, 0.6051948051948052, 0.6161038961038962, 0.6212987012987014], [0.5792207792207792, 0.612987012987013, 0.6176623376623377, 0.6218181818181818, 0.625974025974026], [0.6005194805194806, 0.6197402597402597, 0.6114285714285714, 0.6218181818181818, 0.6285714285714286], [0.5922077922077922, 0.6041558441558441, 0.6020779220779221, 0.6119480519480519, 0.627012987012987], [0.6005194805194806, 0.612987012987013, 0.6093506493506493, 0.6155844155844156, 0.627012987012987], [0.6098701298701299, 0.6244155844155844, 0.6093506493506493, 0.6223376623376623, 0.6275324675324675]], "train": [[0.5584415584415584, 0.5896103896103896, 0.5896103896103896, 0.5896103896103896, 0.5896103896103896], [0.6045454545454545, 0.5512987012987013, 0.5512987012987013, 0.5512987012987013, 0.5512987012987013], [0.6350649350649351, 0.5294372294372295, 0.5965367965367966, 0.5965367965367966, 0.5965367965367966], [0.6275974025974026, 0.6090909090909091, 0.6126623376623377, 0.6126623376623377, 0.6126623376623377], [0.623896103896104, 0.6083116883116884, 0.6132467532467533, 0.6135064935064936, 0.6135064935064936], [0.6214285714285714, 0.6158008658008658, 0.6177489177489177, 0.6333333333333333, 0.6333333333333333], [0.6324675324675325, 0.6209647495361781, 0.6285714285714286, 0.627643784786642, 0.627643784786642], [0.6310064935064935, 0.6089285714285714, 0.6089285714285714, 0.6126623376623377, 0.6189935064935065], [0.6298701298701299, 0.6197691197691197, 0.6311688311688312, 0.6194805194805195, 0.6233766233766234], [0.64, 0.6249350649350649, 0.6181818181818182, 0.6342857142857142, 0.6211688311688311]]}