{"val": [[0.5506493506493506, 0.5703896103896103, 0.5579220779220779, 0.5812987012987013, 0.587012987012987], [0.5677922077922077, 0.5750649350649351, 0.5745454545454546, 0.5823376623376624, 0.5844155844155844], [0.6025974025974026, 0.5838961038961039, 0.5953246753246754, 0.5989610389610389, 0.6088311688311688], [0.5989610389610389, 0.6088311688311688, 0.5989610389610389, 0.5984415584415584, 0.6171428571428571], [0.5963636363636363, 0.6046753246753247, 0.5911688311688311, 0.6202597402597403, 0.6223376623376623], [0.6057142857142858, 0.6046753246753247, 0.5932467532467532, 0.6145454545454545, 0.6181818181818182], [0.6145454545454545, 0.6098701298701299, 0.5994805194805195, 0.6192207792207792, 0.627012987012987], [0.6176623376623377, 0.6114285714285714, 0.6124675324675325, 0.6212987012987014, 0.6348051948051948], [0.6223376623376623, 0.6176623376623377, 0.6072727272727273, 0.612987012987013, 0.6394805194805194], [0.6218181818181818, 0.627012987012987, 0.6103896103896104, 0.6135064935064936, 0.6342857142857142]], "train": [[0.8155844155844156, 0.8168831168831169, 0.8168831168831169, 0.8168831168831169, 0.8168831168831169], [0.7714285714285715, 0.7655844155844156, 0.7655844155844156, 0.7655844155844156, 0.7655844155844156], [0.7445887445887446, 0.741991341991342, 0.7298701298701299, 0.7298701298701299, 0.7298701298701299], [0.7204545454545455, 0.7211038961038961, 0.7230519480519481, 0.7230519480519481, 0.7230519480519481], [0.7161038961038961, 0.7184415584415584, 0.717922077922078, 0.7194805194805195, 0.7194805194805195], [0.7088744588744589, 0.708008658008658, 0.7108225108225108, 0.712987012987013, 0.712987012987013], [0.7037105751391466, 0.7037105751391466, 0.7, 0.7020408163265306, 0.7020408163265306], [0.7051948051948052, 0.7034090909090909, 0.7040584415584416, 0.700974025974026, 0.6975649350649351], [0.6962481962481962, 0.6963924963924963, 0.697979797979798, 0.6935064935064935, 0.7014430014430014], [0.6957142857142857, 0.6962337662337662, 0.7009090909090909, 0.692987012987013, 0.6924675324675325]]}