{"val": [[0.6451948051948052, 0.6509090909090909, 0.6612987012987013, 0.6618181818181819, 0.6571428571428571], [0.665974025974026, 0.6649350649350649, 0.6690909090909091, 0.6696103896103897, 0.6805194805194805], [0.668051948051948, 0.6696103896103897, 0.6690909090909091, 0.6753246753246753, 0.6706493506493506], [0.6607792207792208, 0.6737662337662338, 0.6654545454545454, 0.6768831168831169, 0.6696103896103897], [0.6602597402597402, 0.68, 0.6649350649350649, 0.6670129870129871, 0.6742857142857143], [0.6675324675324675, 0.6737662337662338, 0.668051948051948, 0.6706493506493506, 0.6732467532467532], [0.668051948051948, 0.6753246753246753, 0.668051948051948, 0.6685714285714286, 0.681038961038961], [0.6711688311688312, 0.6758441558441558, 0.6670129870129871, 0.6685714285714286, 0.6768831168831169], [0.6722077922077923, 0.6779220779220779, 0.668051948051948, 0.6727272727272727, 0.6763636363636364], [0.6742857142857143, 0.678961038961039, 0.6654545454545454, 0.6716883116883117, 0.6670129870129871]], "train": [[0.7064935064935065, 0.6844155844155844, 0.6844155844155844, 0.6844155844155844, 0.6844155844155844], [0.6974025974025974, 0.6954545454545454, 0.6954545454545454, 0.6954545454545454, 0.6954545454545454], [0.6878787878787879, 0.6874458874458874, 0.6896103896103896, 0.6896103896103896, 0.6896103896103896], [0.6792207792207792, 0.6798701298701298, 0.6886363636363636, 0.6886363636363636, 0.6886363636363636], [0.6807792207792208, 0.6768831168831169, 0.687012987012987, 0.685974025974026, 0.685974025974026], [0.677056277056277, 0.6781385281385282, 0.6811688311688312, 0.6794372294372294, 0.6794372294372294], [0.6725417439703154, 0.6725417439703154, 0.6771799628942486, 0.6747680890538034, 0.6747680890538034], [0.6753246753246753, 0.6762987012987013, 0.6805194805194805, 0.6813311688311688, 0.6790584415584415], [0.6743145743145743, 0.6764790764790765, 0.6789321789321789, 0.6812409812409812, 0.6769119769119769], [0.6728571428571428, 0.6758441558441558, 0.6784415584415584, 0.6797402597402598, 0.6770129870129871]]}