{"val": [[0.578544061302682, 0.6216475095785441, 0.5890804597701149, 0.6069031639501438, 0.5915627996164909], [0.5948275862068966, 0.6149425287356322, 0.592911877394636, 0.5992329817833174, 0.5953978906999041], [0.6015325670498084, 0.6053639846743295, 0.5909961685823755, 0.6049856184084372, 0.5915627996164909], [0.6101532567049809, 0.6187739463601533, 0.5986590038314177, 0.6040268456375839, 0.5953978906999041], [0.617816091954023, 0.6302681992337165, 0.592911877394636, 0.6164908916586769, 0.6001917545541706], [0.6005747126436781, 0.6187739463601533, 0.5871647509578544, 0.6069031639501438, 0.5973154362416108], [0.6264367816091954, 0.6216475095785441, 0.617816091954023, 0.6126558005752637, 0.5982742090124641], [0.6206896551724138, 0.6369731800766284, 0.6254789272030651, 0.6164908916586769, 0.6001917545541706], [0.617816091954023, 0.6446360153256705, 0.6111111111111112, 0.6164908916586769, 0.6375838926174496], [0.6302681992337165, 0.6408045977011494, 0.6293103448275862, 0.6289549376797698, 0.638542665388303]], "train": [[0.6306954436450839, 0.6187050359712231, 0.6187050359712231, 0.6187050359712231, 0.6187050359712231], [0.6534772182254197, 0.6163069544364509, 0.6163069544364509, 0.6163069544364509, 0.6163069544364509], [0.6293929712460063, 0.6134185303514377, 0.6134185303514377, 0.6134185303514377, 0.6134185303514377], [0.6494907130017975, 0.6003594967046135, 0.6207309766327141, 0.6207309766327141, 0.6207309766327141], [0.639195016770484, 0.6176329659798754, 0.6042165788212746, 0.6209870627695256, 0.6209870627695256], [0.6138178913738019, 0.6002396166134185, 0.5934504792332268, 0.6166134185303515, 0.6166134185303515], [0.6360835330366313, 0.5967134542964738, 0.6182814104758644, 0.6131461828141047, 0.6131461828141047], [0.6340221623240491, 0.6367175801138065, 0.6226415094339622, 0.6112608565438754, 0.611560347409404], [0.6299254526091587, 0.634185303514377, 0.619542066027689, 0.6222044728434505, 0.6381789137380192], [0.6437470052707235, 0.6411116435074269, 0.644705318639195, 0.6387158600862483, 0.6351221849544801]]}