{"val": [[0.3641558441558442, 0.3444155844155844, 0.35948051948051946, 0.3657142857142857, 0.3548051948051948], [0.3953246753246753, 0.34805194805194806, 0.36623376623376624, 0.37246753246753245, 0.36727272727272725], [0.35948051948051946, 0.3781818181818182, 0.38805194805194804, 0.4176623376623377, 0.3916883116883117], [0.4244155844155844, 0.42077922077922075, 0.44155844155844154, 0.4342857142857143, 0.4296103896103896], [0.41714285714285715, 0.4561038961038961, 0.42753246753246754, 0.44155844155844154, 0.4264935064935065], [0.4187012987012987, 0.42493506493506494, 0.4477922077922078, 0.44103896103896106, 0.43012987012987014], [0.42753246753246754, 0.4254545454545455, 0.4514285714285714, 0.4374025974025974, 0.43064935064935067], [0.4296103896103896, 0.41454545454545455, 0.44831168831168833, 0.45246753246753246, 0.43636363636363634], [0.42753246753246754, 0.44467532467532467, 0.4514285714285714, 0.4535064935064935, 0.4342857142857143], [0.44, 0.44831168831168833, 0.44467532467532467, 0.4581818181818182, 0.43948051948051947]], "train": [[0.36103896103896105, 0.36493506493506495, 0.36493506493506495, 0.36493506493506495, 0.36493506493506495], [0.42272727272727273, 0.36818181818181817, 0.36818181818181817, 0.36818181818181817, 0.36818181818181817], [0.370995670995671, 0.4121212121212121, 0.403030303030303, 0.403030303030303, 0.403030303030303], [0.4461038961038961, 0.4327922077922078, 0.4422077922077922, 0.4422077922077922, 0.4422077922077922], [0.44753246753246756, 0.4587012987012987, 0.41688311688311686, 0.4342857142857143, 0.4342857142857143], [0.4471861471861472, 0.42813852813852815, 0.44437229437229436, 0.44437229437229436, 0.44437229437229436], [0.45398886827458257, 0.43432282003710576, 0.44025974025974024, 0.4463821892393321, 0.4463821892393321], [0.45616883116883117, 0.4314935064935065, 0.45064935064935063, 0.45551948051948055, 0.44935064935064933], [0.45194805194805193, 0.45281385281385284, 0.44776334776334775, 0.4536796536796537, 0.4538239538239538], [0.4587012987012987, 0.4584415584415584, 0.4523376623376623, 0.44662337662337664, 0.45454545454545453]]}