{"val": [[0.6374025974025974, 0.6233766233766234, 0.627012987012987, 0.6415584415584416, 0.6322077922077922], [0.6348051948051948, 0.6275324675324675, 0.6290909090909091, 0.6472727272727272, 0.6379220779220779], [0.6472727272727272, 0.6368831168831168, 0.6379220779220779, 0.642077922077922, 0.64], [0.6472727272727272, 0.6337662337662338, 0.6306493506493507, 0.6451948051948052, 0.6431168831168831], [0.6441558441558441, 0.6337662337662338, 0.6353246753246753, 0.6488311688311689, 0.642077922077922], [0.6358441558441559, 0.6342857142857142, 0.6337662337662338, 0.6477922077922078, 0.6431168831168831], [0.6472727272727272, 0.64, 0.6301298701298701, 0.6483116883116883, 0.6483116883116883], [0.6363636363636364, 0.6348051948051948, 0.6296103896103896, 0.6446753246753246, 0.6472727272727272], [0.6436363636363637, 0.6322077922077922, 0.6275324675324675, 0.6514285714285715, 0.6467532467532467], [0.6363636363636364, 0.6348051948051948, 0.6254545454545455, 0.6483116883116883, 0.6425974025974026]], "train": [[0.6545454545454545, 0.6584415584415585, 0.6584415584415585, 0.6584415584415585, 0.6584415584415585], [0.6409090909090909, 0.6532467532467533, 0.6532467532467533, 0.6532467532467533, 0.6532467532467533], [0.6406926406926406, 0.6515151515151515, 0.6484848484848484, 0.6484848484848484, 0.6484848484848484], [0.6441558441558441, 0.6480519480519481, 0.6448051948051948, 0.6448051948051948, 0.6448051948051948], [0.6407792207792208, 0.6415584415584416, 0.6428571428571429, 0.6425974025974026, 0.6425974025974026], [0.6391774891774892, 0.6352813852813853, 0.6428571428571429, 0.6415584415584416, 0.6415584415584416], [0.6404452690166976, 0.6374768089053804, 0.6411873840445269, 0.638961038961039, 0.638961038961039], [0.6402597402597403, 0.6392857142857142, 0.6441558441558441, 0.6418831168831168, 0.6409090909090909], [0.6396825396825396, 0.6395382395382395, 0.6432900432900432, 0.6418470418470419, 0.6421356421356421], [0.6403896103896104, 0.6383116883116883, 0.6422077922077922, 0.6402597402597403, 0.6414285714285715]]}