{"val": [[0.4083116883116883, 0.4046753246753247, 0.41974025974025975, 0.414025974025974, 0.4290909090909091], [0.4218181818181818, 0.4202597402597403, 0.4202597402597403, 0.4348051948051948, 0.42857142857142855], [0.4244155844155844, 0.43064935064935067, 0.42753246753246754, 0.44363636363636366, 0.43584415584415587], [0.4342857142857143, 0.43376623376623374, 0.42753246753246754, 0.44883116883116886, 0.45246753246753246], [0.4322077922077922, 0.43948051948051947, 0.4374025974025974, 0.454025974025974, 0.4649350649350649], [0.44727272727272727, 0.44207792207792207, 0.44571428571428573, 0.4607792207792208, 0.46545454545454545], [0.4503896103896104, 0.44207792207792207, 0.44675324675324674, 0.46285714285714286, 0.4675324675324675], [0.4592207792207792, 0.43896103896103894, 0.45194805194805193, 0.4581818181818182, 0.4711688311688312], [0.44831168831168833, 0.4451948051948052, 0.44831168831168833, 0.4649350649350649, 0.4649350649350649], [0.452987012987013, 0.45454545454545453, 0.45506493506493506, 0.4727272727272727, 0.47324675324675325]], "train": [[1.0, 1.0, 1.0, 1.0, 1.0], [1.0, 1.0, 1.0, 1.0, 1.0], [1.0, 1.0, 1.0, 1.0, 1.0], [1.0, 1.0, 1.0, 1.0, 1.0], [1.0, 1.0, 1.0, 1.0, 1.0], [1.0, 1.0, 1.0, 1.0, 1.0], [1.0, 1.0, 1.0, 1.0, 1.0], [1.0, 1.0, 1.0, 1.0, 1.0], [1.0, 1.0, 1.0, 1.0, 1.0], [1.0, 1.0, 1.0, 1.0, 1.0]]}