{"val": [[0.39584415584415583, 0.4202597402597403, 0.4176623376623377, 0.4161038961038961, 0.40675324675324676], [0.44103896103896106, 0.43376623376623374, 0.43376623376623374, 0.42753246753246754, 0.4296103896103896], [0.44935064935064933, 0.44623376623376626, 0.4425974025974026, 0.45246753246753246, 0.44623376623376626], [0.44103896103896106, 0.4509090909090909, 0.44415584415584414, 0.44987012987012986, 0.452987012987013], [0.44311688311688313, 0.44935064935064933, 0.44415584415584414, 0.44831168831168833, 0.45766233766233766], [0.4509090909090909, 0.4451948051948052, 0.44623376623376626, 0.45194805194805193, 0.45194805194805193], [0.44727272727272727, 0.4451948051948052, 0.44935064935064933, 0.44987012987012986, 0.4535064935064935], [0.44415584415584414, 0.4561038961038961, 0.4451948051948052, 0.45194805194805193, 0.45714285714285713], [0.44155844155844154, 0.4503896103896104, 0.4514285714285714, 0.452987012987013, 0.4561038961038961], [0.44363636363636366, 0.454025974025974, 0.45454545454545453, 0.4618181818181818, 0.45454545454545453]], "train": [[0.5233766233766234, 0.5116883116883116, 0.5116883116883116, 0.5116883116883116, 0.5116883116883116], [0.5038961038961038, 0.4831168831168831, 0.4831168831168831, 0.4831168831168831, 0.4831168831168831], [0.4779220779220779, 0.48658008658008656, 0.47878787878787876, 0.47878787878787876, 0.47878787878787876], [0.4659090909090909, 0.4675324675324675, 0.4701298701298701, 0.4701298701298701, 0.4701298701298701], [0.467012987012987, 0.4649350649350649, 0.4683116883116883, 0.4709090909090909, 0.4709090909090909], [0.46190476190476193, 0.45800865800865803, 0.4597402597402597, 0.46515151515151515, 0.46515151515151515], [0.4606679035250464, 0.4584415584415584, 0.4582560296846011, 0.46048237476808906, 0.46048237476808906], [0.4586038961038961, 0.4621753246753247, 0.45925324675324675, 0.45746753246753247, 0.45925324675324675], [0.46565656565656566, 0.4645021645021645, 0.4639249639249639, 0.4616161616161616, 0.4614718614718615], [0.46285714285714286, 0.4633766233766234, 0.46415584415584416, 0.46246753246753247, 0.4581818181818182]]}