{"val": [[0.36281179138321995, 0.36281179138321995, 0.3620885357548241, 0.36322360953461974, 0.36322360953461974], [0.6349206349206349, 0.63718820861678, 0.6367763904653803, 0.6299659477866061, 0.6276958002270148], [0.6303854875283447, 0.63718820861678, 0.637911464245176, 0.6367763904653803, 0.6367763904653803], [0.6315192743764172, 0.6405895691609977, 0.6367763904653803, 0.6322360953461975, 0.6299659477866061], [0.6315192743764172, 0.6360544217687075, 0.637911464245176, 0.6356413166855845, 0.6322360953461975], [0.6360544217687075, 0.63718820861678, 0.637911464245176, 0.6367763904653803, 0.6367763904653803], [0.6326530612244898, 0.6428571428571429, 0.6572077185017026, 0.6367763904653803, 0.6367763904653803], [0.6439909297052154, 0.6394557823129252, 0.6481271282633371, 0.6515323496027242, 0.6367763904653803], [0.6417233560090703, 0.6485260770975056, 0.6696935300794552, 0.662883087400681, 0.6662883087400681], [0.6473922902494331, 0.6598639455782312, 0.6674233825198638, 0.6651532349602725, 0.656072644721907]], "train": [[0.34375, 0.3465909090909091, 0.3465909090909091, 0.3465909090909091, 0.3465909090909091], [0.6624113475177305, 0.6326241134751773, 0.6326241134751773, 0.6326241134751773, 0.6326241134751773], [0.6508987701040682, 0.6490066225165563, 0.6423841059602649, 0.6423841059602649, 0.6423841059602649], [0.6425531914893617, 0.648936170212766, 0.6390070921985815, 0.6390070921985815, 0.6390070921985815], [0.641316685584563, 0.64472190692395, 0.637911464245176, 0.6492622020431328, 0.6492622020431328], [0.6326241134751773, 0.6326241134751773, 0.6326241134751773, 0.6378250591016549, 0.6378250591016549], [0.6392379408188082, 0.6509931090393191, 0.659505472233482, 0.6416700445885691, 0.6416700445885691], [0.6535460992907801, 0.650709219858156, 0.6528368794326241, 0.6546099290780142, 0.6464539007092198], [0.6645649432534678, 0.6705548549810845, 0.6601513240857503, 0.6651954602774275, 0.6604665825977302], [0.6686524822695036, 0.6618439716312057, 0.6567375886524822, 0.6601418439716312, 0.6658156028368795]]}