{"val": [[0.6133786848072562, 0.6417233560090703, 0.637911464245176, 0.6469920544835415, 0.6424517593643587], [0.6473922902494331, 0.6360544217687075, 0.6469920544835415, 0.6538024971623155, 0.6345062429057888], [0.6360544217687075, 0.6315192743764172, 0.6538024971623155, 0.6583427922814983, 0.6503972758229285], [0.6303854875283447, 0.6473922902494331, 0.6538024971623155, 0.6674233825198638, 0.6640181611804767], [0.6383219954648526, 0.6473922902494331, 0.6617480136208853, 0.6606129398410897, 0.6549375709421112], [0.6360544217687075, 0.645124716553288, 0.6572077185017026, 0.6651532349602725, 0.6458569807037458], [0.6417233560090703, 0.6405895691609977, 0.659477866061294, 0.684449489216799, 0.6469920544835415], [0.6428571428571429, 0.6519274376417233, 0.6685584562996595, 0.6867196367763905, 0.6583427922814983], [0.6326530612244898, 0.6496598639455783, 0.6765039727582293, 0.6901248581157775, 0.6640181611804767], [0.6428571428571429, 0.6541950113378685, 0.6878547105561862, 0.6912599318955732, 0.6640181611804767]], "train": [[0.7102272727272727, 0.6761363636363636, 0.6761363636363636, 0.6761363636363636, 0.6761363636363636], [0.6936170212765957, 0.6851063829787234, 0.6851063829787234, 0.6851063829787234, 0.6851063829787234], [0.6754966887417219, 0.663197729422895, 0.6717123935666982, 0.6717123935666982, 0.6717123935666982], [0.674468085106383, 0.673049645390071, 0.6652482269503546, 0.6652482269503546, 0.6652482269503546], [0.6765039727582293, 0.6651532349602725, 0.6679909194097616, 0.6782065834279228, 0.6782065834279228], [0.6780141843971631, 0.6695035460992907, 0.6657210401891253, 0.6614657210401891, 0.6614657210401891], [0.6805837049047426, 0.6753141467369275, 0.6712606404539927, 0.6611268747466559, 0.6611268747466559], [0.6794326241134752, 0.6801418439716312, 0.6705673758865248, 0.6624113475177305, 0.6645390070921986], [0.6825346784363178, 0.6771752837326608, 0.6721311475409836, 0.6633039092055486, 0.6674022698612863], [0.6825531914893617, 0.6791489361702128, 0.6743262411347518, 0.6666666666666666, 0.6692198581560284]]}