{"val": [[0.63718820861678, 0.63718820861678, 0.637911464245176, 0.6367763904653803, 0.6367763904653803], [0.6428571428571429, 0.6326530612244898, 0.6299659477866061, 0.6311010215664018, 0.6311010215664018], [0.6383219954648526, 0.6349206349206349, 0.6288308740068105, 0.6345062429057888, 0.6333711691259932], [0.63718820861678, 0.6326530612244898, 0.6311010215664018, 0.637911464245176, 0.6390465380249716], [0.63718820861678, 0.6360544217687075, 0.6390465380249716, 0.6424517593643587, 0.6401816118047673], [0.6473922902494331, 0.6428571428571429, 0.6435868331441543, 0.6424517593643587, 0.6401816118047673], [0.6485260770975056, 0.6485260770975056, 0.64472190692395, 0.6458569807037458, 0.6606129398410897], [0.6485260770975056, 0.63718820861678, 0.6458569807037458, 0.6515323496027242, 0.6651532349602725], [0.6417233560090703, 0.6496598639455783, 0.6503972758229285, 0.6572077185017026, 0.6606129398410897], [0.6428571428571429, 0.6405895691609977, 0.6526674233825198, 0.6617480136208853, 0.6696935300794552]], "train": [[1.0, 1.0, 1.0, 1.0, 1.0], [1.0, 1.0, 1.0, 1.0, 1.0], [1.0, 1.0, 1.0, 1.0, 1.0], [1.0, 1.0, 1.0, 1.0, 1.0], [1.0, 1.0, 1.0, 1.0, 1.0], [1.0, 1.0, 1.0, 1.0, 1.0], [1.0, 1.0, 1.0, 1.0, 1.0], [1.0, 1.0, 1.0, 1.0, 1.0], [1.0, 1.0, 1.0, 1.0, 1.0], [1.0, 1.0, 1.0, 1.0, 1.0]]}