{"val": [[0.6025974025974026, 0.6114285714285714, 0.6067532467532467, 0.6166233766233766, 0.6114285714285714], [0.6161038961038962, 0.6161038961038962, 0.6103896103896104, 0.6249350649350649, 0.6306493506493507], [0.6280519480519481, 0.6181818181818182, 0.6171428571428571, 0.6337662337662338, 0.6254545454545455], [0.6311688311688312, 0.6322077922077922, 0.6176623376623377, 0.6379220779220779, 0.6368831168831168], [0.6264935064935065, 0.6327272727272727, 0.6207792207792208, 0.6379220779220779, 0.6498701298701298], [0.627012987012987, 0.6316883116883117, 0.6124675324675325, 0.6394805194805194, 0.6483116883116883], [0.6379220779220779, 0.6384415584415585, 0.6202597402597403, 0.6462337662337663, 0.6524675324675324], [0.6327272727272727, 0.6436363636363637, 0.6301298701298701, 0.6431168831168831, 0.6555844155844156], [0.6348051948051948, 0.6451948051948052, 0.6306493506493507, 0.6592207792207793, 0.6561038961038961], [0.6384415584415585, 0.6457142857142857, 0.6358441558441559, 0.6581818181818182, 0.6701298701298701]], "train": [[0.9714285714285714, 0.9727272727272728, 0.9727272727272728, 0.9727272727272728, 0.9727272727272728], [0.9487012987012987, 0.9324675324675324, 0.9324675324675324, 0.9324675324675324, 0.9324675324675324], [0.8783549783549783, 0.8939393939393939, 0.9177489177489178, 0.9177489177489178, 0.9177489177489178], [0.8873376623376623, 0.900974025974026, 0.9006493506493507, 0.9006493506493507, 0.9006493506493507], [0.8831168831168831, 0.8823376623376623, 0.8784415584415585, 0.88, 0.88], [0.8733766233766234, 0.8696969696969697, 0.8640692640692641, 0.8658008658008658, 0.8658008658008658], [0.8669758812615955, 0.8677179962894248, 0.8602968460111318, 0.8580705009276438, 0.8580705009276438], [0.8576298701298701, 0.8538961038961039, 0.8561688311688311, 0.85, 0.8425324675324676], [0.84992784992785, 0.8496392496392496, 0.8474747474747475, 0.8542568542568543, 0.8431457431457432], [0.8475324675324676, 0.8476623376623377, 0.8423376623376624, 0.8507792207792207, 0.8411688311688311]]}