{"val": [[0.4103896103896104, 0.4020779220779221, 0.40103896103896103, 0.4202597402597403, 0.42493506493506494], [0.4077922077922078, 0.4020779220779221, 0.40415584415584416, 0.42493506493506494, 0.43376623376623374], [0.42233766233766235, 0.41818181818181815, 0.41974025974025975, 0.43012987012987014, 0.43116883116883115], [0.42233766233766235, 0.41714285714285715, 0.41818181818181815, 0.43896103896103894, 0.42337662337662335], [0.4212987012987013, 0.4166233766233766, 0.4187012987012987, 0.4368831168831169, 0.43376623376623374], [0.4187012987012987, 0.4114285714285714, 0.43376623376623374, 0.44727272727272727, 0.43636363636363634], [0.43116883116883115, 0.43064935064935067, 0.44207792207792207, 0.44311688311688313, 0.4342857142857143], [0.4238961038961039, 0.4296103896103896, 0.4228571428571429, 0.44, 0.4368831168831169], [0.41818181818181815, 0.427012987012987, 0.4244155844155844, 0.44571428571428573, 0.43324675324675327], [0.42233766233766235, 0.42857142857142855, 0.43532467532467534, 0.4566233766233766, 0.44831168831168833]], "train": [[1.0, 1.0, 1.0, 1.0, 1.0], [0.9967532467532467, 0.9954545454545455, 0.9954545454545455, 0.9954545454545455, 0.9954545454545455], [0.9818181818181818, 0.9744588744588745, 0.9774891774891775, 0.9774891774891775, 0.9774891774891775], [0.9672077922077922, 0.9577922077922078, 0.9626623376623377, 0.9626623376623377, 0.9626623376623377], [0.9511688311688312, 0.9428571428571428, 0.9522077922077922, 0.9464935064935065, 0.9464935064935065], [0.9326839826839827, 0.9253246753246753, 0.9277056277056277, 0.9188311688311688, 0.9188311688311688], [0.9053803339517625, 0.9057513914656772, 0.9027829313543599, 0.9103896103896104, 0.9103896103896104], [0.8844155844155844, 0.8866883116883116, 0.8896103896103896, 0.8905844155844156, 0.8886363636363637], [0.8685425685425685, 0.8613275613275613, 0.8679653679653679, 0.8728715728715729, 0.8722943722943723], [0.8494805194805195, 0.8476623376623377, 0.8485714285714285, 0.852987012987013, 0.8533766233766233]]}