{"val": [[0.3838961038961039, 0.4062337662337662, 0.4005194805194805, 0.4161038961038961, 0.43116883116883115], [0.4187012987012987, 0.3979220779220779, 0.4124675324675325, 0.4244155844155844, 0.43064935064935067], [0.427012987012987, 0.4109090909090909, 0.42337662337662335, 0.44883116883116886, 0.44623376623376626], [0.43272727272727274, 0.4228571428571429, 0.4348051948051948, 0.4535064935064935, 0.4607792207792208], [0.43064935064935067, 0.44, 0.43948051948051947, 0.45506493506493506, 0.4675324675324675], [0.43272727272727274, 0.44207792207792207, 0.4503896103896104, 0.4644155844155844, 0.4753246753246753], [0.43896103896103894, 0.44311688311688313, 0.45506493506493506, 0.47324675324675325, 0.4737662337662338], [0.44363636363636366, 0.44415584415584414, 0.4566233766233766, 0.4779220779220779, 0.47844155844155845], [0.44415584415584414, 0.44883116883116886, 0.46285714285714286, 0.4748051948051948, 0.4794805194805195], [0.44623376623376626, 0.454025974025974, 0.4644155844155844, 0.4831168831168831, 0.4768831168831169]], "train": [[0.9987012987012988, 1.0, 1.0, 1.0, 1.0], [0.9974025974025974, 0.9993506493506493, 0.9993506493506493, 0.9993506493506493, 0.9993506493506493], [0.9961038961038962, 0.996969696969697, 0.9978354978354979, 0.9978354978354979, 0.9978354978354979], [0.9948051948051948, 0.9948051948051948, 0.9948051948051948, 0.9948051948051948, 0.9948051948051948], [0.9922077922077922, 0.9935064935064936, 0.9945454545454545, 0.994025974025974, 0.994025974025974], [0.9913419913419913, 0.9924242424242424, 0.9939393939393939, 0.9917748917748918, 0.9917748917748918], [0.9905380333951762, 0.9914656771799629, 0.9925788497217068, 0.9916512059369202, 0.9916512059369202], [0.9900974025974026, 0.9899350649350649, 0.9896103896103896, 0.9902597402597403, 0.9912337662337662], [0.9878787878787879, 0.987012987012987, 0.9881673881673881, 0.9886002886002886, 0.9896103896103896], [0.9863636363636363, 0.9854545454545455, 0.9872727272727273, 0.9866233766233766, 0.9885714285714285]]}