{"val": [[0.5861678004535147, 0.5997732426303855, 0.6027241770715096, 0.6356413166855845, 0.6583427922814983], [0.63718820861678, 0.5997732426303855, 0.5936435868331441, 0.6288308740068105, 0.6311010215664018], [0.6292517006802721, 0.6292517006802721, 0.5993189557321226, 0.6288308740068105, 0.6367763904653803], [0.626984126984127, 0.6394557823129252, 0.604994324631101, 0.6299659477866061, 0.6367763904653803], [0.6292517006802721, 0.6383219954648526, 0.6401816118047673, 0.6401816118047673, 0.637911464245176], [0.6326530612244898, 0.6405895691609977, 0.64472190692395, 0.6401816118047673, 0.6345062429057888], [0.6292517006802721, 0.6417233560090703, 0.6424517593643587, 0.6469920544835415, 0.6333711691259932], [0.6292517006802721, 0.6405895691609977, 0.6458569807037458, 0.6469920544835415, 0.6356413166855845], [0.6281179138321995, 0.6417233560090703, 0.6458569807037458, 0.6435868331441543, 0.6345062429057888], [0.6337868480725624, 0.6394557823129252, 0.6424517593643587, 0.6458569807037458, 0.6345062429057888]], "train": [[0.6448863636363636, 0.6278409090909091, 0.6278409090909091, 0.6278409090909091, 0.6278409090909091], [0.6524822695035462, 0.6156028368794326, 0.6156028368794326, 0.6156028368794326, 0.6156028368794326], [0.6490066225165563, 0.6490066225165563, 0.6272469252601703, 0.6272469252601703, 0.6272469252601703], [0.6404255319148936, 0.6411347517730497, 0.6198581560283688, 0.6198581560283688, 0.6198581560283688], [0.6441543700340522, 0.6424517593643587, 0.6333711691259932, 0.6418842224744609, 0.6418842224744609], [0.6411347517730497, 0.6345153664302601, 0.6288416075650118, 0.6387706855791963, 0.6387706855791963], [0.6453182002432104, 0.642480745845156, 0.6351844345358735, 0.6408593433319821, 0.6408593433319821], [0.6475177304964539, 0.6446808510638298, 0.6397163120567376, 0.6414893617021277, 0.6358156028368794], [0.6434426229508197, 0.6424968474148802, 0.6387137452711223, 0.6399747793190416, 0.6387137452711223], [0.6408510638297872, 0.6391489361702127, 0.6382978723404256, 0.6382978723404256, 0.638581560283688]]}