{"val": [[0.5168831168831168, 0.5745454545454546, 0.5885714285714285, 0.601038961038961, 0.6119480519480519], [0.6477922077922078, 0.6316883116883117, 0.6316883116883117, 0.6503896103896104, 0.6555844155844156], [0.6467532467532467, 0.6218181818181818, 0.6244155844155844, 0.6379220779220779, 0.6384415584415585], [0.6446753246753246, 0.6285714285714286, 0.6358441558441559, 0.6612987012987013, 0.6623376623376623], [0.6535064935064935, 0.6368831168831168, 0.6488311688311689, 0.665974025974026, 0.6722077922077923], [0.6503896103896104, 0.6649350649350649, 0.6488311688311689, 0.6638961038961039, 0.6690909090909091], [0.6566233766233767, 0.6587012987012987, 0.6540259740259741, 0.6716883116883117, 0.6701298701298701], [0.6644155844155845, 0.6535064935064935, 0.6535064935064935, 0.6696103896103897, 0.6701298701298701], [0.6664935064935065, 0.6779220779220779, 0.6503896103896104, 0.665974025974026, 0.6685714285714286], [0.678961038961039, 0.6737662337662338, 0.6519480519480519, 0.6654545454545454, 0.6748051948051949]], "train": [[0.5337662337662338, 0.6155844155844156, 0.6155844155844156, 0.6155844155844156, 0.6155844155844156], [0.6564935064935065, 0.6701298701298701, 0.6701298701298701, 0.6701298701298701, 0.6701298701298701], [0.6519480519480519, 0.6476190476190476, 0.6454545454545455, 0.6454545454545455, 0.6454545454545455], [0.6438311688311689, 0.6399350649350649, 0.6558441558441559, 0.6558441558441559, 0.6558441558441559], [0.6625974025974026, 0.638961038961039, 0.674025974025974, 0.6701298701298701, 0.6701298701298701], [0.6532467532467533, 0.6707792207792208, 0.6718614718614718, 0.6707792207792208, 0.6707792207792208], [0.6662337662337663, 0.6630797773654916, 0.6679035250463822, 0.6697588126159555, 0.6697588126159555], [0.6702922077922078, 0.6610389610389611, 0.6790584415584415, 0.6678571428571428, 0.6722402597402597], [0.6751803751803752, 0.6746031746031746, 0.6772005772005772, 0.6696969696969697, 0.6685425685425685], [0.675064935064935, 0.6775324675324675, 0.6764935064935065, 0.6754545454545454, 0.6733766233766234]]}