{"val": [[0.6349206349206349, 0.6043083900226758, 0.6276958002270148, 0.6288308740068105, 0.6572077185017026], [0.6598639455782312, 0.6224489795918368, 0.6435868331441543, 0.6481271282633371, 0.6538024971623155], [0.6428571428571429, 0.6428571428571429, 0.6276958002270148, 0.641316685584563, 0.6549375709421112], [0.63718820861678, 0.6428571428571429, 0.6333711691259932, 0.659477866061294, 0.6606129398410897], [0.6519274376417233, 0.6564625850340136, 0.6401816118047673, 0.6481271282633371, 0.6549375709421112], [0.6496598639455783, 0.6485260770975056, 0.6549375709421112, 0.6719636776390465, 0.6538024971623155], [0.6746031746031746, 0.6575963718820862, 0.674233825198638, 0.677639046538025, 0.6617480136208853], [0.6575963718820862, 0.655328798185941, 0.674233825198638, 0.6753688989784336, 0.684449489216799], [0.6632653061224489, 0.6519274376417233, 0.6662883087400681, 0.6901248581157775, 0.677639046538025], [0.671201814058957, 0.6768707482993197, 0.6799091940976163, 0.6855845629965948, 0.677639046538025]], "train": [[1.0, 1.0, 1.0, 1.0, 1.0], [1.0, 1.0, 1.0, 1.0, 1.0], [1.0, 1.0, 1.0, 1.0, 1.0], [1.0, 1.0, 1.0, 1.0, 1.0], [1.0, 1.0, 1.0, 1.0, 1.0], [1.0, 1.0, 1.0, 1.0, 1.0], [1.0, 1.0, 1.0, 1.0, 1.0], [1.0, 1.0, 1.0, 1.0, 1.0], [1.0, 1.0, 1.0, 1.0, 1.0], [1.0, 1.0, 1.0, 1.0, 1.0]]}