{"val": [[0.5657142857142857, 0.5776623376623377, 0.5802597402597403, 0.601038961038961, 0.6192207792207792], [0.5807792207792207, 0.5787012987012987, 0.5750649350649351, 0.5994805194805195, 0.601038961038961], [0.5922077922077922, 0.6025974025974026, 0.5833766233766233, 0.6114285714285714, 0.6187012987012988], [0.597922077922078, 0.6145454545454545, 0.5922077922077922, 0.6098701298701299, 0.6342857142857142], [0.5890909090909091, 0.6119480519480519, 0.5963636363636363, 0.623896103896104, 0.6348051948051948], [0.5958441558441558, 0.6285714285714286, 0.5922077922077922, 0.6244155844155844, 0.6467532467532467], [0.6051948051948052, 0.6197402597402597, 0.612987012987013, 0.6249350649350649, 0.6509090909090909], [0.6098701298701299, 0.627012987012987, 0.6166233766233766, 0.6212987012987014, 0.6503896103896104], [0.6187012987012988, 0.6374025974025974, 0.6150649350649351, 0.6254545454545455, 0.6394805194805194], [0.6202597402597403, 0.6446753246753246, 0.6207792207792208, 0.6264935064935065, 0.6488311688311689]], "train": [[1.0, 1.0, 1.0, 1.0, 1.0], [1.0, 0.9993506493506493, 0.9993506493506493, 0.9993506493506493, 0.9993506493506493], [0.9978354978354979, 0.9987012987012988, 0.9991341991341991, 0.9991341991341991, 0.9991341991341991], [0.9964285714285714, 0.9977272727272727, 0.9983766233766234, 0.9983766233766234, 0.9983766233766234], [0.9955844155844156, 0.9974025974025974, 0.9976623376623377, 0.9976623376623377, 0.9976623376623377], [0.9954545454545455, 0.996969696969697, 0.9965367965367965, 0.9967532467532467, 0.9967532467532467], [0.9935064935064936, 0.9959183673469387, 0.9964749536178108, 0.9966604823747681, 0.9966604823747681], [0.9936688311688312, 0.9949675324675324, 0.9944805194805195, 0.9948051948051948, 0.9961038961038962], [0.9936507936507937, 0.9949494949494949, 0.9949494949494949, 0.9940836940836941, 0.9945165945165945], [0.9924675324675325, 0.9949350649350649, 0.9946753246753247, 0.9936363636363637, 0.9941558441558441]]}