{"val": [[0.5662337662337662, 0.5823376623376624, 0.5875324675324676, 0.5963636363636363, 0.6161038961038962], [0.5745454545454546, 0.6020779220779221, 0.5937662337662337, 0.6114285714285714, 0.5942857142857143], [0.5766233766233766, 0.6150649350649351, 0.5942857142857143, 0.6036363636363636, 0.5937662337662337], [0.587012987012987, 0.6223376623376623, 0.5989610389610389, 0.6197402597402597, 0.6103896103896104], [0.5927272727272728, 0.623896103896104, 0.6005194805194806, 0.6192207792207792, 0.6223376623376623], [0.588051948051948, 0.6114285714285714, 0.6124675324675325, 0.623896103896104, 0.6218181818181818], [0.6020779220779221, 0.6197402597402597, 0.6062337662337662, 0.6192207792207792, 0.6244155844155844], [0.5994805194805195, 0.6223376623376623, 0.6077922077922078, 0.6218181818181818, 0.6280519480519481], [0.601038961038961, 0.6223376623376623, 0.5994805194805195, 0.623896103896104, 0.6254545454545455], [0.6031168831168832, 0.6275324675324675, 0.6062337662337662, 0.6285714285714286, 0.6342857142857142]], "train": [[0.9987012987012988, 1.0, 1.0, 1.0, 1.0], [0.9902597402597403, 0.9961038961038962, 0.9961038961038962, 0.9961038961038962, 0.9961038961038962], [0.9640692640692641, 0.9783549783549783, 0.9787878787878788, 0.9787878787878788, 0.9787878787878788], [0.9545454545454546, 0.9571428571428572, 0.962987012987013, 0.962987012987013, 0.962987012987013], [0.938961038961039, 0.9423376623376624, 0.9353246753246753, 0.9392207792207792, 0.9392207792207792], [0.9266233766233766, 0.9311688311688312, 0.9300865800865801, 0.9246753246753247, 0.9246753246753247], [0.9025974025974026, 0.9105751391465677, 0.9087198515769944, 0.9131725417439703, 0.9131725417439703], [0.8944805194805194, 0.8991883116883117, 0.8883116883116883, 0.8964285714285715, 0.8987012987012987], [0.8842712842712843, 0.8874458874458875, 0.8821067821067821, 0.8858585858585859, 0.8821067821067821], [0.8724675324675325, 0.8746753246753247, 0.8685714285714285, 0.8694805194805195, 0.8727272727272727]]}