{"val": [[0.38857142857142857, 0.4057142857142857, 0.4, 0.41818181818181815, 0.4244155844155844], [0.4077922077922078, 0.42077922077922075, 0.42233766233766235, 0.42597402597402595, 0.4374025974025974], [0.4228571428571429, 0.42233766233766235, 0.43324675324675327, 0.4342857142857143, 0.44935064935064933], [0.4264935064935065, 0.42337662337662335, 0.43636363636363634, 0.43792207792207793, 0.4581818181818182], [0.43064935064935067, 0.42597402597402595, 0.4322077922077922, 0.44311688311688313, 0.4509090909090909], [0.4290909090909091, 0.4254545454545455, 0.43376623376623374, 0.44103896103896106, 0.44675324675324674], [0.43064935064935067, 0.43064935064935067, 0.43636363636363634, 0.44727272727272727, 0.4561038961038961], [0.4316883116883117, 0.4374025974025974, 0.43532467532467534, 0.45194805194805193, 0.4503896103896104], [0.43376623376623374, 0.4244155844155844, 0.4425974025974026, 0.4509090909090909, 0.4477922077922078], [0.44103896103896106, 0.44103896103896106, 0.4425974025974026, 0.4555844155844156, 0.45246753246753246]], "train": [[0.4675324675324675, 0.44935064935064933, 0.44935064935064933, 0.44935064935064933, 0.44935064935064933], [0.4616883116883117, 0.45714285714285713, 0.45714285714285713, 0.45714285714285713, 0.45714285714285713], [0.4575757575757576, 0.45670995670995673, 0.4471861471861472, 0.4471861471861472, 0.4471861471861472], [0.45324675324675323, 0.45487012987012987, 0.44902597402597405, 0.44902597402597405, 0.44902597402597405], [0.44857142857142857, 0.4516883116883117, 0.44545454545454544, 0.44857142857142857, 0.44857142857142857], [0.44696969696969696, 0.44307359307359306, 0.4458874458874459, 0.4484848484848485, 0.4484848484848485], [0.45194805194805193, 0.4515769944341373, 0.44842300556586273, 0.4413729128014842, 0.4413729128014842], [0.44902597402597405, 0.45535714285714285, 0.4496753246753247, 0.4446428571428571, 0.44561688311688313], [0.4538239538239538, 0.4481962481962482, 0.4533910533910534, 0.44805194805194803, 0.44906204906204905], [0.45675324675324674, 0.4551948051948052, 0.4533766233766234, 0.4494805194805195, 0.4520779220779221]]}