{"val": [[0.5542857142857143, 0.5766233766233766, 0.5750649350649351, 0.5771428571428572, 0.5911688311688311], [0.5636363636363636, 0.5838961038961039, 0.5714285714285714, 0.5761038961038961, 0.5901298701298702], [0.5875324675324676, 0.5787012987012987, 0.5859740259740259, 0.5896103896103896, 0.5818181818181818], [0.5932467532467532, 0.6046753246753247, 0.5818181818181818, 0.6155844155844156, 0.6088311688311688], [0.5927272727272728, 0.5974025974025974, 0.5942857142857143, 0.6057142857142858, 0.612987012987013], [0.6088311688311688, 0.614025974025974, 0.6031168831168832, 0.6145454545454545, 0.6192207792207792], [0.6093506493506493, 0.6088311688311688, 0.6145454545454545, 0.6155844155844156, 0.6145454545454545], [0.6062337662337662, 0.6150649350649351, 0.6031168831168832, 0.6207792207792208, 0.6337662337662338], [0.6135064935064936, 0.6093506493506493, 0.6077922077922078, 0.6192207792207792, 0.6223376623376623], [0.614025974025974, 0.6275324675324675, 0.6228571428571429, 0.6290909090909091, 0.6446753246753246]], "train": [[1.0, 1.0, 1.0, 1.0, 1.0], [1.0, 1.0, 1.0, 1.0, 1.0], [0.9987012987012988, 0.9995670995670995, 0.9991341991341991, 0.9991341991341991, 0.9991341991341991], [0.9948051948051948, 0.9889610389610389, 0.9915584415584415, 0.9915584415584415, 0.9915584415584415], [0.9789610389610389, 0.9820779220779221, 0.9758441558441558, 0.9807792207792208, 0.9807792207792208], [0.9673160173160174, 0.9707792207792207, 0.9655844155844155, 0.9694805194805195, 0.9694805194805195], [0.9552875695732839, 0.9521335807050093, 0.9543599257884973, 0.9543599257884973, 0.9543599257884973], [0.9425324675324676, 0.936038961038961, 0.935064935064935, 0.9428571428571428, 0.9355519480519481], [0.923953823953824, 0.9202020202020202, 0.9189033189033189, 0.9219336219336219, 0.9215007215007215], [0.9141558441558442, 0.9133766233766234, 0.9085714285714286, 0.9057142857142857, 0.9112987012987013]]}