{"val": [[0.5703896103896103, 0.587012987012987, 0.5761038961038961, 0.6015584415584415, 0.5890909090909091], [0.5792207792207792, 0.5948051948051948, 0.5781818181818181, 0.5984415584415584, 0.5922077922077922], [0.5781818181818181, 0.6005194805194806, 0.5854545454545454, 0.6072727272727273, 0.6031168831168832], [0.5776623376623377, 0.610909090909091, 0.5761038961038961, 0.6057142857142858, 0.6005194805194806], [0.5844155844155844, 0.6093506493506493, 0.5792207792207792, 0.6103896103896104, 0.6057142857142858], [0.5823376623376624, 0.6041558441558441, 0.5792207792207792, 0.6155844155844156, 0.6041558441558441], [0.5797402597402598, 0.6005194805194806, 0.5812987012987013, 0.6171428571428571, 0.6057142857142858], [0.5755844155844155, 0.5984415584415584, 0.5776623376623377, 0.6166233766233766, 0.6077922077922078], [0.5729870129870129, 0.5984415584415584, 0.5792207792207792, 0.6176623376623377, 0.612987012987013], [0.5771428571428572, 0.5994805194805195, 0.5823376623376624, 0.6192207792207792, 0.6119480519480519]], "train": [[0.6220779220779221, 0.587012987012987, 0.587012987012987, 0.587012987012987, 0.587012987012987], [0.6162337662337662, 0.5948051948051948, 0.5948051948051948, 0.5948051948051948, 0.5948051948051948], [0.6147186147186147, 0.5891774891774891, 0.5813852813852813, 0.5813852813852813, 0.5813852813852813], [0.6042207792207792, 0.5821428571428572, 0.587012987012987, 0.587012987012987, 0.587012987012987], [0.5914285714285714, 0.5815584415584416, 0.5935064935064935, 0.5922077922077922, 0.5922077922077922], [0.5961038961038961, 0.5846320346320346, 0.5976190476190476, 0.591991341991342, 0.591991341991342], [0.5974025974025974, 0.5862708719851577, 0.5955473098330241, 0.5879406307977737, 0.5879406307977737], [0.5991883116883117, 0.5881493506493507, 0.5980519480519481, 0.5902597402597403, 0.5925324675324676], [0.5963924963924964, 0.5894660894660895, 0.5966810966810967, 0.5898989898989899, 0.5948051948051948], [0.6011688311688311, 0.592987012987013, 0.6001298701298702, 0.5951948051948052, 0.5946753246753247]]}