{"val": [[0.6498701298701298, 0.6358441558441559, 0.627012987012987, 0.625974025974026, 0.6446753246753246], [0.6488311688311689, 0.6493506493506493, 0.6379220779220779, 0.6457142857142857, 0.6602597402597402], [0.6514285714285715, 0.6524675324675324, 0.6348051948051948, 0.6493506493506493, 0.6612987012987013], [0.6415584415584416, 0.6353246753246753, 0.642077922077922, 0.6618181818181819, 0.6602597402597402], [0.6415584415584416, 0.6545454545454545, 0.6524675324675324, 0.6602597402597402, 0.6711688311688312], [0.6571428571428571, 0.6612987012987013, 0.6467532467532467, 0.6644155844155845, 0.6763636363636364], [0.6545454545454545, 0.6638961038961039, 0.6483116883116883, 0.6722077922077923, 0.6628571428571428], [0.6607792207792208, 0.6638961038961039, 0.6457142857142857, 0.6727272727272727, 0.668051948051948], [0.652987012987013, 0.6555844155844156, 0.6483116883116883, 0.6727272727272727, 0.6701298701298701], [0.6540259740259741, 0.6706493506493506, 0.6545454545454545, 0.6654545454545454, 0.6742857142857143]], "train": [[0.9974025974025974, 0.9961038961038962, 0.9961038961038962, 0.9961038961038962, 0.9961038961038962], [0.9818181818181818, 0.9824675324675325, 0.9824675324675325, 0.9824675324675325, 0.9824675324675325], [0.9593073593073593, 0.9584415584415584, 0.9558441558441558, 0.9558441558441558, 0.9558441558441558], [0.9340909090909091, 0.9262987012987013, 0.9376623376623376, 0.9376623376623376, 0.9376623376623376], [0.9179220779220779, 0.915064935064935, 0.9148051948051948, 0.9233766233766234, 0.9233766233766234], [0.8993506493506493, 0.8958874458874458, 0.9034632034632034, 0.904978354978355, 0.904978354978355], [0.8812615955473099, 0.8844155844155844, 0.8877551020408163, 0.8896103896103896, 0.8896103896103896], [0.8694805194805195, 0.8689935064935065, 0.8704545454545455, 0.8753246753246753, 0.8743506493506493], [0.8626262626262626, 0.8604617604617605, 0.8659451659451659, 0.8614718614718615, 0.8642135642135642], [0.8577922077922078, 0.8497402597402598, 0.8576623376623377, 0.8587012987012987, 0.8532467532467533]]}