{"val": [[0.6091954022988506, 0.6053639846743295, 0.6206896551724138, 0.6145733461169702, 0.6174496644295302], [0.6149425287356322, 0.6120689655172413, 0.6245210727969349, 0.6347075743048898, 0.6126558005752637], [0.6216475095785441, 0.6159003831417624, 0.632183908045977, 0.6395014381591563, 0.6193672099712368], [0.6302681992337165, 0.617816091954023, 0.6398467432950191, 0.6356663470757431, 0.6299137104506232], [0.632183908045977, 0.6235632183908046, 0.6293103448275862, 0.6395014381591563, 0.6356663470757431], [0.6408045977011494, 0.6283524904214559, 0.6331417624521073, 0.6548418024928092, 0.6337488015340365], [0.6436781609195402, 0.6312260536398467, 0.6302681992337165, 0.6548418024928092, 0.6327900287631831], [0.6561302681992337, 0.6245210727969349, 0.6436781609195402, 0.6586768935762224, 0.6404602109300096], [0.6599616858237548, 0.6398467432950191, 0.6551724137931034, 0.6529242569511026, 0.6327900287631831], [0.6484674329501916, 0.6408045977011494, 0.657088122605364, 0.6644295302013423, 0.638542665388303]], "train": [[1.0, 1.0, 1.0, 1.0, 1.0], [1.0, 1.0, 1.0, 1.0, 1.0], [1.0, 1.0, 1.0, 1.0, 1.0], [1.0, 1.0, 1.0, 1.0, 1.0], [1.0, 1.0, 1.0, 1.0, 1.0], [1.0, 1.0, 1.0, 1.0, 1.0], [1.0, 1.0, 1.0, 1.0, 1.0], [1.0, 1.0, 1.0, 1.0, 1.0], [1.0, 1.0, 1.0, 1.0, 1.0], [1.0, 1.0, 1.0, 1.0, 1.0]]}