{"val": [[0.39896103896103896, 0.38285714285714284, 0.38857142857142857, 0.41454545454545455, 0.3807792207792208], [0.412987012987013, 0.3927272727272727, 0.4, 0.41454545454545455, 0.4046753246753247], [0.4103896103896104, 0.4005194805194805, 0.4051948051948052, 0.42077922077922075, 0.4088311688311688], [0.4072727272727273, 0.3968831168831169, 0.4, 0.4218181818181818, 0.4062337662337662], [0.40935064935064935, 0.40103896103896103, 0.40103896103896103, 0.4202597402597403, 0.4051948051948052], [0.4062337662337662, 0.3942857142857143, 0.40103896103896103, 0.42337662337662335, 0.4088311688311688], [0.40415584415584416, 0.3922077922077922, 0.40415584415584416, 0.4238961038961039, 0.4114285714285714], [0.4036363636363636, 0.38805194805194804, 0.4098701298701299, 0.43584415584415587, 0.41714285714285715], [0.4036363636363636, 0.3849350649350649, 0.40935064935064935, 0.4451948051948052, 0.4218181818181818], [0.4083116883116883, 0.3875324675324675, 0.4114285714285714, 0.44155844155844154, 0.41454545454545455]], "train": [[0.412987012987013, 0.4103896103896104, 0.4103896103896104, 0.4103896103896104, 0.4103896103896104], [0.42727272727272725, 0.42077922077922075, 0.42077922077922075, 0.42077922077922075, 0.42077922077922075], [0.42597402597402595, 0.42554112554112555, 0.42034632034632036, 0.42034632034632036, 0.42034632034632036], [0.41688311688311686, 0.4292207792207792, 0.41948051948051945, 0.41948051948051945, 0.41948051948051945], [0.41688311688311686, 0.4150649350649351, 0.4116883116883117, 0.4225974025974026, 0.4225974025974026], [0.4134199134199134, 0.4127705627705628, 0.4095238095238095, 0.41688311688311686, 0.41688311688311686], [0.4148423005565863, 0.41688311688311686, 0.41576994434137293, 0.41020408163265304, 0.41020408163265304], [0.41834415584415585, 0.4180194805194805, 0.41948051948051945, 0.4099025974025974, 0.4133116883116883], [0.4174603174603175, 0.4137085137085137, 0.41818181818181815, 0.4135642135642136, 0.41515151515151516], [0.41818181818181815, 0.4146753246753247, 0.4161038961038961, 0.41285714285714287, 0.4179220779220779]]}