{"val": [[0.6462585034013606, 0.6213151927437641, 0.6345062429057888, 0.6538024971623155, 0.6787741203178207], [0.6485260770975056, 0.6235827664399093, 0.6208853575482406, 0.6492622020431328, 0.6526674233825198], [0.6315192743764172, 0.6439909297052154, 0.6322360953461975, 0.659477866061294, 0.656072644721907], [0.6247165532879818, 0.6315192743764172, 0.6424517593643587, 0.6549375709421112, 0.6708286038592508], [0.6235827664399093, 0.6519274376417233, 0.6276958002270148, 0.6526674233825198, 0.6651532349602725], [0.6349206349206349, 0.6541950113378685, 0.64472190692395, 0.6572077185017026, 0.6696935300794552], [0.6303854875283447, 0.6519274376417233, 0.6481271282633371, 0.6753688989784336, 0.6833144154370034], [0.6315192743764172, 0.6360544217687075, 0.6458569807037458, 0.659477866061294, 0.6878547105561862], [0.6349206349206349, 0.6383219954648526, 0.6538024971623155, 0.6674233825198638, 0.6821793416572077], [0.6315192743764172, 0.6496598639455783, 0.6492622020431328, 0.6730987514188422, 0.6935300794551645]], "train": [[1.0, 1.0, 1.0, 1.0, 1.0], [1.0, 1.0, 1.0, 1.0, 1.0], [0.9971617786187322, 0.9990539262062441, 1.0, 1.0, 1.0], [0.9957446808510638, 0.9971631205673759, 0.9964539007092199, 0.9964539007092199, 0.9964539007092199], [0.9914869466515324, 0.9920544835414302, 0.9869466515323496, 0.9858115777525539, 0.9858115777525539], [0.9881796690307328, 0.9853427895981087, 0.984869976359338, 0.9820330969267139, 0.9820330969267139], [0.9781110660721524, 0.977705715443859, 0.9801378192136198, 0.9752736116740981, 0.9752736116740981], [0.9702127659574468, 0.9659574468085106, 0.973758865248227, 0.9744680851063829, 0.9726950354609929], [0.9577553593947037, 0.9558638083228247, 0.9605926860025221, 0.9621689785624212, 0.9681588902900379], [0.9512056737588652, 0.9472340425531914, 0.9580141843971631, 0.9548936170212766, 0.9594326241134752]]}