{"val": [[0.6363636363636364, 0.6275324675324675, 0.6098701298701299, 0.6212987012987014, 0.6311688311688312], [0.6296103896103896, 0.6441558441558441, 0.6316883116883117, 0.6436363636363637, 0.6457142857142857], [0.638961038961039, 0.6581818181818182, 0.6477922077922078, 0.6623376623376623, 0.652987012987013], [0.642077922077922, 0.6628571428571428, 0.6618181818181819, 0.6711688311688312, 0.6623376623376623], [0.6358441558441559, 0.665974025974026, 0.6638961038961039, 0.6685714285714286, 0.6675324675324675], [0.6441558441558441, 0.6654545454545454, 0.6716883116883117, 0.6753246753246753, 0.6623376623376623], [0.6477922077922078, 0.6696103896103897, 0.6737662337662338, 0.6774025974025975, 0.6722077922077923], [0.6425974025974026, 0.6654545454545454, 0.6732467532467532, 0.6758441558441558, 0.6805194805194805], [0.6503896103896104, 0.6763636363636364, 0.6774025974025975, 0.6872727272727273, 0.6758441558441558], [0.655064935064935, 0.6753246753246753, 0.6779220779220779, 0.6851948051948052, 0.681038961038961]], "train": [[0.8051948051948052, 0.7727272727272727, 0.7727272727272727, 0.7727272727272727, 0.7727272727272727], [0.7649350649350649, 0.7610389610389611, 0.7610389610389611, 0.7610389610389611, 0.7610389610389611], [0.7515151515151515, 0.7545454545454545, 0.7467532467532467, 0.7467532467532467, 0.7467532467532467], [0.7399350649350649, 0.7285714285714285, 0.7425324675324675, 0.7425324675324675, 0.7425324675324675], [0.7379220779220779, 0.7298701298701299, 0.7389610389610389, 0.7374025974025974, 0.7374025974025974], [0.7413419913419913, 0.7294372294372294, 0.7257575757575757, 0.7283549783549783, 0.7283549783549783], [0.7343228200371058, 0.7230055658627087, 0.7230055658627087, 0.7261595547309833, 0.7261595547309833], [0.7334415584415584, 0.7243506493506493, 0.7243506493506493, 0.7246753246753247, 0.7232142857142857], [0.7336219336219336, 0.7249639249639249, 0.7235209235209236, 0.7261183261183262, 0.7240981240981241], [0.7318181818181818, 0.7235064935064935, 0.721038961038961, 0.7203896103896104, 0.7224675324675325]]}