{"val": [[0.6462337662337663, 0.6540259740259741, 0.6394805194805194, 0.6571428571428571, 0.668051948051948], [0.6576623376623376, 0.655064935064935, 0.652987012987013, 0.6649350649350649, 0.6566233766233767], [0.6545454545454545, 0.6670129870129871, 0.6633766233766234, 0.6732467532467532, 0.6602597402597402], [0.6488311688311689, 0.6649350649350649, 0.6716883116883117, 0.6732467532467532, 0.6701298701298701], [0.6483116883116883, 0.6805194805194805, 0.6722077922077923, 0.6696103896103897, 0.6727272727272727], [0.6581818181818182, 0.6841558441558442, 0.6758441558441558, 0.6722077922077923, 0.6732467532467532], [0.6638961038961039, 0.6748051948051949, 0.6836363636363636, 0.6784415584415584, 0.678961038961039], [0.6638961038961039, 0.6815584415584416, 0.6825974025974026, 0.681038961038961, 0.6893506493506494], [0.6670129870129871, 0.6867532467532468, 0.6903896103896104, 0.6831168831168831, 0.6903896103896104], [0.665974025974026, 0.6898701298701299, 0.6935064935064935, 0.691948051948052, 0.6841558441558442]], "train": [[0.8649350649350649, 0.8363636363636363, 0.8363636363636363, 0.8363636363636363, 0.8363636363636363], [0.8363636363636363, 0.8220779220779221, 0.8220779220779221, 0.8220779220779221, 0.8220779220779221], [0.8047619047619048, 0.8043290043290043, 0.806060606060606, 0.806060606060606, 0.806060606060606], [0.7905844155844156, 0.7905844155844156, 0.798051948051948, 0.798051948051948, 0.798051948051948], [0.7945454545454546, 0.7841558441558442, 0.7883116883116883, 0.7896103896103897, 0.7896103896103897], [0.7917748917748918, 0.7829004329004329, 0.7807359307359307, 0.7824675324675324, 0.7824675324675324], [0.785899814471243, 0.776808905380334, 0.7732838589981447, 0.7760667903525046, 0.7760667903525046], [0.7829545454545455, 0.773538961038961, 0.7741883116883117, 0.7788961038961039, 0.7761363636363636], [0.7831168831168831, 0.7721500721500721, 0.7760461760461761, 0.7741702741702742, 0.7763347763347763], [0.7764935064935065, 0.7661038961038961, 0.7710389610389611, 0.7751948051948052, 0.7705194805194805]]}